handle,name,description,sku,price,inventory,visible,productOptionName1,productOptionValue1,productOptionName2,productOptionValue2,fieldType,type
colchon-med-70x105x12-para-cuna-colecho-corral-uni,Colchon Med 70x105x12 Para Cuna Colecho Corral Unicuna,Colchon especializado. Medida 70x105. Color Agua.,U3334621824,1850,332,true,Color,Agua,Tamano,70x105,Product,Physical
colchon-med-70x105x12-para-cuna-colecho-corral-uni,Colchon Med 70x105x12 Para Cuna Colecho Corral Unicuna,Colchon especializado. Medida 70x105. Color Amarillo.,U3342592163,1859,333,true,Color,Amarillo,Tamano,70x105,Product,Physical
colchon-impermeable-cuna-colecho-corral-60x95x8-un,Colchon Impermeable Cuna Colecho Corral 60x95x8 Unicuna,Colchon especializado. Medida 60x95. Color Rosa.,U3371014153,1895,332,true,Color,Rosa,Tamano,60x95,Product,Physical
colchon-para-cuna-colecho-corral-medida-50x80x10-u,Colchon Para Cuna Colecho Corral Medida 50x80x10 Unicuna,Colchon especializado. Medida 50x80. Color Azul Claro.,U3331780754,1985,333,true,Color,Azul Claro,Tamano,50x80,Product,Physical
colchon-memory-60x95x13-cuna-colecho-corral-incl-a,Colchon Memory 60x95x13 Cuna Colecho Corral Incl Almohada,Colchon especializado. Medida 60x95. Color Agua.,U3446460173,2200,330,true,Color,Agua,Tamano,60x95,Product,Physical
colchon-memory-form-75x105x13-cuna-colecho-incluye,Colchon Memory Form 75x105x13 Cuna Colecho Incluye Almohada,Colchon especializado. Medida 75x105. Color Agua.,U3453462186,2565,331,true,Color,Agua,Tamano,75x105,Product,Physical
colchon-memory-form-105x70x13-cuna-colecho-con-alm,Colchon Memory Form 105x70x13 Cuna Colecho Con Almohada Rosa,Colchon especializado. Medida 105x70. Color Rosa Claro.,U3497228084,2488,333,true,Color,Rosa Claro,Tamano,105x70,Product,Physical
colchon-50x85x12-cm-para-cuna-colecho-corral-unicu,Colchon 50x85x12 Cm Para Cuna Colecho Corral Unicuna,Colchon especializado. Medida 50x85. Color Amarillo.,U3342471217,1856,332,true,Color,Amarillo,Tamano,50x85,Product,Physical
colchon-cuna-corral-imper-con-almohada-ros-70x-10-,Colchon Cuna Corral Imper Con Almohada Ros 70x 10 M,Colchon especializado. Medida Estandar. Color Rosa.,U953696445,889,14,true,Color,Rosa,Tamano,Estandar,Product,Physical
colchon-65x95x12-para-cuna-colecho-corral-supreme-,Colchon 65x95x12 Para Cuna Colecho Corral Supreme Unicuna,Colchon especializado. Medida 65x95. Color Agua.,U3326448491,1895,333,true,Color,Agua,Tamano,65x95,Product,Physical
colchon-cuna-impermeable-70x140x15-colecho-corral-,Colchon Cuna Impermeable 70x140x15 Colecho Corral Viajera,Colchon especializado. Medida 70x140. Color Azul Claro.,U3425297822,2500,332,true,Color,Azul Claro,Tamano,70x140,Product,Physical
colchon-cuna-impermeable-60x90x15-colecho-corral-v,Colchon Cuna Impermeable 60x90x15 Colecho Corral Viajera,Colchon especializado. Medida 60x90. Color Azul Claro.,U3414830701,2011,333,true,Color,Azul Claro,Tamano,60x90,Product,Physical
colchon-memory-form-70x100x10-cuna-colecho-con-alm,Colchon Memory Form 70x100x10 Cuna Colecho Con Almohada Rosa,Colchon especializado. Medida 70x100. Color Rosa Claro.,U3484167853,2111,333,true,Color,Rosa Claro,Tamano,70x100,Product,Physical
colchon-cuna-colecho-corral-medidas-60x95x15-unicu,Colchon Cuna Colecho Corral Medidas 60x95x15 Unicuna Rosa,Colchon especializado. Medida 60x95. Color Rosa.,U3358469994,1877,332,true,Color,Rosa,Tamano,60x95,Product,Physical
colchon-con-cojin-cuna-corral-colecho-94x65-suprem,Colchon Con Cojin Cuna Corral Colecho 94x65 Supreme Azul,Colchon especializado. Medida 94x65. Color Azul Claro.,U3306611425,1290,333,true,Color,Azul Claro,Tamano,94x65,Product,Physical
colchon-cuna-impermeable-70x130x15-colecho-corral-,Colchon Cuna Impermeable 70x130x15 Colecho Corral Viajera,Colchon especializado. Medida 70x130. Color Azul Claro.,U3418678155,2500,333,true,Color,Azul Claro,Tamano,70x130,Product,Physical
colchon-cuna-colecho-corral-medidas-70x104x15-unic,Colchon Cuna Colecho Corral Medidas 70x104x15 Unicuna,Colchon especializado. Medida 70x104. Color Agua.,U3350906282,1854,333,true,Color,Agua,Tamano,70x104,Product,Physical
colchon-con-cojin-cuna-corral-150x1x15-supreme-ver,Colchon Con Cojin Cuna Corral 150x1x15 Supreme Verde,Colchon especializado. Medida 150x1. Color Verde Claro.,U3285319455,1850,327,true,Color,Verde Claro,Tamano,150x1,Product,Physical
colchon-cuna-corral-colecho-unicuna-68-x-99,Colchon Cuna Corral Colecho Unicuna 68 X 99,Colchon especializado. Medida Estandar. Color Blanco.,U490708522,893,68,true,Color,Blanco,Tamano,Estandar,Product,Physical
colchon-con-cojin-cuna-corral-colecho-105x70-supre,Colchon Con Cojin Cuna Corral Colecho 105x70 Supreme Azul,Colchon especializado. Medida 105x70. Color Azul Claro.,U3306324183,1100,332,true,Color,Azul Claro,Tamano,105x70,Product,Physical
colchon-48x100-memory-unicuna-cuna-corral,Colchon 48x100 Memory Unicuna Cuna Corral,Colchon especializado. Medida 48x100. Color Agua.,U3434562375,1689,333,true,Color,Agua,Tamano,48x100,Product,Physical
colchon-memory-form-60x110x13-cuna-colecho-con-alm,Colchon Memory Form 60x110x13 Cuna Colecho Con Almohada Rosa,Colchon especializado. Medida 60x110. Color Rosa Claro.,U3497006996,2485,333,true,Color,Rosa Claro,Tamano,60x110,Product,Physical
colchon-con-cojin-cuna-corral-120x60x15-supreme-ve,Colchon Con Cojin Cuna Corral 120x60x15 Supreme Verde,Colchon especializado. Medida 120x60. Color Verde Claro.,U3308939740,1600,332,true,Color,Verde Claro,Tamano,120x60,Product,Physical
colchon-memory-form-60x100x13-cuna-colecho-con-alm,Colchon Memory Form 60x100x13 Cuna Colecho Con Almohada Rosa,Colchon especializado. Medida 60x100. Color Rosa Claro.,U3497074408,2479,333,true,Color,Rosa Claro,Tamano,60x100,Product,Physical
colchon-con-cojin-cuna-corral-colecho-130x70-supre,Colchon Con Cojin Cuna Corral Colecho 130x70 Supreme Verde,Colchon especializado. Medida 130x70. Color Verde Claro.,U3285897189,1250,333,true,Color,Verde Claro,Tamano,130x70,Product,Physical
colchon-med-70x100x15cuna-colecho-corral-unicuna-s,Colchon Med 70x100x15cuna Colecho Corral Unicuna Supreme,Colchon especializado. Medida 70x100. Color Agua.,U3344820995,1854,333,true,Color,Agua,Tamano,70x100,Product,Physical
colchon-medidas-65x95x15-cuna-colecho-corral-unicu,Colchon Medidas 65x95x15 Cuna Colecho Corral Unicuna,Colchon especializado. Medida 65x95. Color Azul Claro.,U3360698492,1857,332,true,Color,Azul Claro,Tamano,65x95,Product,Physical
colchon-medidas-65x95x15-cuna-colecho-corral-unicu,Colchon Medidas 65x95x15 Cuna Colecho Corral Unicuna,Colchon especializado. Medida 65x95. Color Amarillo.,U3363023394,1987,333,true,Color,Amarillo,Tamano,65x95,Product,Physical
colchon-de-cuna-memory-foam-75x105x15-blanco-con-a,Colchon De Cuna Memory Foam 75x105x15 Blanco Con Azul Incla,Colchon especializado. Medida 75x105. Color Azul Claro.,U3481993728,2650,333,true,Color,Azul Claro,Tamano,75x105,Product,Physical
colchon-para-cuna-colecho-corral-medidas-70x110x15,Colchon Para Cuna Colecho Corral Medidas 70x110x15 Unicuna,Colchon especializado. Medida 70x110. Color Rosa.,U3358496528,1788,330,true,Color,Rosa,Tamano,70x110,Product,Physical
colchon-para-cuna-colecho-corral-medidas-70x110x15,Colchon Para Cuna Colecho Corral Medidas 70x110x15 Unicuna,Colchon especializado. Medida 70x110. Color Amarillo.,U3359231093,1988,333,true,Color,Amarillo,Tamano,70x110,Product,Physical
colchon-para-cuna-colecho-corral-medidas-70x110x15,Colchon Para Cuna Colecho Corral Medidas 70x110x15 Unicuna,Colchon especializado. Medida 70x110. Color Azul Claro.,U3360921750,1895,333,true,Color,Azul Claro,Tamano,70x110,Product,Physical
colchon-impermeable-65x95x12-cuna-colecho-corral-u,Colchon Impermeable 65x95x12 Cuna Colecho Corral Unicuna,Colchon especializado. Medida 65x95. Color Azul Claro.,U3412365247,1988,333,true,Color,Azul Claro,Tamano,65x95,Product,Physical
colchon-memory-50x85x10-cm-cuna-colecho-corral-inc,Colchon Memory 50x85x10 Cm Cuna Colecho Corral Incl Almohada,Colchon especializado. Medida 50x85. Color Azul Claro.,U3460788268,2130,333,true,Color,Azul Claro,Tamano,50x85,Product,Physical
colchon-memory-form-49x87x13-cuna-colecho-corral-i,Colchon Memory Form 49x87x13 Cuna Colecho Corral Incl Almoh,Colchon especializado. Medida 49x87. Color Azul Claro.,U3469561375,2550,333,true,Color,Azul Claro,Tamano,49x87,Product,Physical
colchon-memory-foam-65x95x10-cm-para-cuna-colecho-,Colchon Memory Foam 65x95x10 Cm Para Cuna Colecho Corral,Colchon especializado. Medida 65x95. Color Agua.,U3448500554,2105,331,true,Color,Agua,Tamano,65x95,Product,Physical
colchon-memory-form-87x49x10-cuna-colecho-con-almo,Colchon Memory Form 87x49x10 Cuna Colecho Con Almohada Rosa,Colchon especializado. Medida 87x49. Color Rosa Claro.,U3487500003,2116,333,true,Color,Rosa Claro,Tamano,87x49,Product,Physical
colchon-corral-cuna-colecho-medidas-70-x-130-m-imp,Colchon Corral Cuna Colecho Medidas 70 X 130 M Imperme,Colchon especializado. Medida Estandar. Color Blanco.,U924073774,1333,114,true,Color,Blanco,Tamano,Estandar,Product,Physical
colchon-cuna-corral-77x112-unicuna-supreme,Colchon Cuna Corral 77x112 Unicuna Supreme,Colchon especializado. Medida 77x1. Color Blanco.,U3212985744,1480,331,true,Color,Blanco,Tamano,77x1,Product,Physical
colchon-cuna-colecho-corral-55x-1-m,Colchon Cuna Colecho Corral 55x 1 M,Colchon especializado. Medida Estandar. Color Blanco.,U487816911,893,21,true,Color,Blanco,Tamano,Estandar,Product,Physical
colchon-memory-60x110x13-cuna-colecho-corral-incl-,Colchon Memory 60x110x13 Cuna Colecho Corral Incl Almohada,Colchon especializado. Medida 60x110. Color Azul Claro.,U3468852349,2459,332,true,Color,Azul Claro,Tamano,60x110,Product,Physical
colchon-para-cuna-almohada-bebe-corral-colecho-58x,Colchon Para Cuna Almohada Bebe Corral Colecho 58x120,Colchon especializado. Medida 58x1. Color Blanco.,U3113413984,1289,31,true,Color,Blanco,Tamano,58x1,Product,Physical
colchon-cuna-colecho-corral-medidas-55x90x15-unicu,Colchon Cuna Colecho Corral Medidas 55x90x15 Unicuna Rosa,Colchon especializado. Medida 55x90. Color Rosa.,U3358379792,1874,333,true,Color,Rosa,Tamano,55x90,Product,Physical
colchon-impermeable-cuna-colecho-corral-med-60x110,Colchon Impermeable Cuna Colecho Corral Med 60x110x8 Unicuna,Colchon especializado. Medida 60x110. Color Rosa.,U3377054676,1985,332,true,Color,Rosa,Tamano,60x110,Product,Physical
colchon-corral-50x85-impermeable-colecho-viajera-c,Colchon Corral 50x85 Impermeable Colecho Viajera Con Cojin,Colchon especializado. Medida 50x85. Color Blanco.,U470196779,"929,3",1,true,Color,Blanco,Tamano,50x85,Product,Physical
colchon-antireflujo-corral-viajera-colecho-70-x-13,Colchon Antireflujo Corral Viajera Colecho 70 X 130m X 15,Colchon especializado. Medida Estandar. Color Blanco.,U490230155,1469,42,true,Color,Blanco,Tamano,Estandar,Product,Physical
colchon-antirreflujo-55x45-bebe-seguro-unicuna-sup,Colchon Antirreflujo 55x45 Bebe Seguro Unicuna Supreme,Colchon especializado. Medida 55x45. Color Blanco Con Azul.,U3658951878,699,33,true,Color,Blanco Con Azul,Tamano,55x45,Product,Physical
colchon-memory-form-90x120x15-cuna-colecho-bebe-co,Colchon Memory Form 90x120x15 Cuna Colecho Bebe Con Almohada,Colchon especializado. Medida 90x120. Color Azul Claro.,U3472515089,2655,333,true,Color,Azul Claro,Tamano,90x120,Product,Physical
colchon-memory-foam-de-cuna-87x49x13-inclalmohada,Colchon Memory Foam De Cuna 87x49x13 Inclalmohada,Colchon especializado. Medida 87x49. Color Rosa Claro.,U3495051415,2460,333,true,Color,Rosa Claro,Tamano,87x49,Product,Physical
colchon-para-cuna-colecho-corral-medidas-50x80x15-,Colchon Para Cuna Colecho Corral Medidas 50x80x15 Unicuna,Colchon especializado. Medida 50x80. Color Azul Claro.,U3360797618,1985,331,true,Color,Azul Claro,Tamano,50x80,Product,Physical
colchon-cuna-45x85x15-impermeable-colecho-corral-u,Colchon Cuna 45x85x15 Impermeable Colecho Corral Unicuna,Colchon especializado. Medida 45x85. Color Rosa.,U3403761772,1958,333,true,Color,Rosa,Tamano,45x85,Product,Physical
colchon-para-cuna-corral-cuna-viajera-med-130-m-x-,Colchon Para Cuna Corral Cuna Viajera Med 130 M X 60m,Colchon especializado. Medida Estandar. Color Blanco.,U492651139,1680,322,true,Color,Blanco,Tamano,Estandar,Product,Physical
colchon-memory-form-70x110x10-cuna-colecho-con-alm,Colchon Memory Form 70x110x10 Cuna Colecho Con Almohada Rosa,Colchon especializado. Medida 70x110. Color Rosa Claro.,U3491772520,2114,333,true,Color,Rosa Claro,Tamano,70x110,Product,Physical
colchon-memory-form-105x70x15-cuna-colecho-bebe-co,Colchon Memory Form 105x70x15 Cuna Colecho Bebe Con Almohada,Colchon especializado. Medida 105x70. Color Azul Claro.,U3478997636,2650,333,true,Color,Azul Claro,Tamano,105x70,Product,Physical
colchon-impermeable-50x85x15-cuna-colecho-corral-v,Colchon Impermeable 50x85x15 Cuna Colecho Corral Viajera,Colchon especializado. Medida 50x85. Color Azul Claro.,U3419101682,2010,333,true,Color,Azul Claro,Tamano,50x85,Product,Physical
colchon-cuna-colecho-corral-viajera-med-75x105x15-,Colchon Cuna Colecho Corral Viajera Med 75x105x15 Unicuna,Colchon especializado. Medida 75x105. Color Amarillo.,U3376840514,1899,332,true,Color,Amarillo,Tamano,75x105,Product,Physical
colchon-impermeable-70x130x12-cuna-colecho-viajera,Colchon Impermeable 70x130x12 Cuna Colecho Viajera Unicuna,Colchon especializado. Medida 70x130. Color Azul Claro.,U3418980890,2200,333,true,Color,Azul Claro,Tamano,70x130,Product,Physical
colchon-para-cuna-colecho-corral-medidas-70x100x15,Colchon Para Cuna Colecho Corral Medidas 70x100x15 Unicuna,Colchon especializado. Medida 70x100. Color Amarillo.,U3362889656,1987,333,true,Color,Amarillo,Tamano,70x100,Product,Physical
colchon-para-cuna-colecho-corral-medidas-70x100x15,Colchon Para Cuna Colecho Corral Medidas 70x100x15 Unicuna,Colchon especializado. Medida 70x100. Color Azul Claro.,U3360665534,1985,333,true,Color,Azul Claro,Tamano,70x100,Product,Physical
colchon-cuna-55x95x10-impermeable-colecho-corral-u,Colchon Cuna 55x95x10 Impermeable Colecho Corral Unicuna,Colchon especializado. Medida 55x95. Color Azul Claro.,U3408083869,1995,333,true,Color,Azul Claro,Tamano,55x95,Product,Physical
colchon-para-cuna-corral-viajera-montessori-70m-x-,Colchon Para Cuna Corral Viajera Montessori 70m X 130m,Colchon especializado. Medida Estandar. Color Blanco.,U704077324,1913,15,true,Color,Blanco,Tamano,Estandar,Product,Physical
colchon-75x105x10-impermeable-cuna-corral-colecho-,Colchon 75x105x10 Impermeable Cuna Corral Colecho Unicuna,Colchon especializado. Medida 75x105. Color Azul Claro.,U3414564906,2150,333,true,Color,Azul Claro,Tamano,75x105,Product,Physical
colchon-colecho-corral-cuna-45x85x10-unicuna,Colchon Colecho Corral Cuna 45x85x10 Unicuna,Colchon especializado. Medida 45x85. Color Agua.,U3313271787,1895,333,true,Color,Agua,Tamano,45x85,Product,Physical
colchon-corral-70x1-impermeable-cuna-con-cojin-de-,Colchon Corral 70x1 Impermeable Cuna Con Cojin De Lactancia,Colchon especializado. Medida 70x1. Color Blanco.,U2781346171,"863,68",19,true,Color,Blanco,Tamano,70x1,Product,Physical
cojin-colchon-antirreflujo-corral-cuna-colecho-55x,Cojin Colchon Antirreflujo Corral Cuna Colecho 55x45x15,Colchon especializado. Medida 55x45. Color Rosa.,U3074418083,488,331,true,Color,Rosa,Tamano,55x45,Product,Physical
colchon-cuna-colecho-corral-medidas-55x90x15-unicu,Colchon Cuna Colecho Corral Medidas 55x90x15 Unicuna,Colchon especializado. Medida 55x90. Color Agua.,U3350914188,1987,333,true,Color,Agua,Tamano,55x90,Product,Physical
colchon-para-cuna-colecho-corral-medidas-75x105x15,Colchon Para Cuna Colecho Corral Medidas 75x105x15 Unicuna,Colchon especializado. Medida 75x105. Color Azul Claro.,U3362859932,1987,333,true,Color,Azul Claro,Tamano,75x105,Product,Physical
colchon-memory-form-60x95x10-cuna-colecho-incl-alm,Colchon Memory Form 60x95x10 Cuna Colecho Incl Almohada,Colchon especializado. Medida 60x95. Color Azul Claro.,U3456645991,2115,332,true,Color,Azul Claro,Tamano,60x95,Product,Physical
colchon-para-cuna-memory-foam-45x85x13-blanco-con-,Colchon Para Cuna Memory Foam 45x85x13 Blanco Con Rosa,Colchon especializado. Medida 45x85. Color Rosa Claro.,U3499708478,2470,331,true,Color,Rosa Claro,Tamano,45x85,Product,Physical
colchon-para-cuna-memory-foam-70x120x13-blanco-con,Colchon Para Cuna Memory Foam 70x120x13 Blanco Con Rosa,Colchon especializado. Medida 70x120. Color Rosa Claro.,U3495033831,2480,333,true,Color,Rosa Claro,Tamano,70x120,Product,Physical
colchon-memory-90x120x10-form-cuna-colecho-corral-,Colchon Memory 90x120x10 Form Cuna Colecho Corral Bebe,Colchon especializado. Medida 90x120. Color Agua.,U3450667058,2105,332,true,Color,Agua,Tamano,90x120,Product,Physical
colchon-55x95x12-impermeable-cuna-colecho-viajera-,Colchon 55x95x12 Impermeable Cuna Colecho Viajera Unicuna,Colchon especializado. Medida 55x95. Color Azul Claro.,U3417109282,1998,333,true,Color,Azul Claro,Tamano,55x95,Product,Physical
colchon-antireflujo-corral-colecho-60-x-90,Colchon Antireflujo Corral Colecho 60 X 90,Colchon especializado. Medida Estandar. Color Blanco.,U489863939,980,27,true,Color,Blanco,Tamano,Estandar,Product,Physical
colchon-cuna-60x95x10-impermeable-colecho-corral-u,Colchon Cuna 60x95x10 Impermeable Colecho Corral Unicuna,Colchon especializado. Medida 60x95. Color Azul Claro.,U3408013667,2015,333,true,Color,Azul Claro,Tamano,60x95,Product,Physical
colchon-con-cojin-cuna-corral-86x48x15-supreme-ros,Colchon Con Cojin Cuna Corral 86x48x15 Supreme Rosa,Colchon especializado. Medida 86x48. Color Rosa Claro.,U3290367280,1730,327,true,Color,Rosa Claro,Tamano,86x48,Product,Physical
colchon-cuna-70x130x10-impermeable-colecho-corral-,Colchon Cuna 70x130x10 Impermeable Colecho Corral Unicuna,Colchon especializado. Medida 70x130. Color Azul Claro.,U3414720196,2150,333,true,Color,Azul Claro,Tamano,70x130,Product,Physical
colchon-impermeable-60x95x12-cuna-colecho-viajera-,Colchon Impermeable 60x95x12 Cuna Colecho Viajera Unicuna,Colchon especializado. Medida 60x95. Color Azul Claro.,U3416983124,1999,333,true,Color,Azul Claro,Tamano,60x95,Product,Physical
colchon-memory-form-50x80x10-cuna-colecho-incl-alm,Colchon Memory Form 50x80x10 Cuna Colecho Incl Almohada,Colchon especializado. Medida 50x80. Color Azul Claro.,U3463324852,2150,333,true,Color,Azul Claro,Tamano,50x80,Product,Physical
colchon-medidas-60x90x15-cuna-colecho-corral-unicu,Colchon Medidas 60x90x15 Cuna Colecho Corral Unicuna,Colchon especializado. Medida 60x90. Color Amarillo.,U3363027778,1987,333,true,Color,Amarillo,Tamano,60x90,Product,Physical
colchon-medidas-60x90x15-cuna-colecho-corral-unicu,Colchon Medidas 60x90x15 Cuna Colecho Corral Unicuna,Colchon especializado. Medida 60x90. Color Azul Claro.,U3354664549,1985,333,true,Color,Azul Claro,Tamano,60x90,Product,Physical
colchon-memory-form-70x105x13-para-cuna-colecho-co,Colchon Memory Form 70x105x13 Para Cuna Colecho Corral Bebe,Colchon especializado. Medida 70x105. Color Agua.,U3453065368,2200,333,true,Color,Agua,Tamano,70x105,Product,Physical
colchon-memory-75x105x15-cuna-colecho-corral-incl-,Colchon Memory 75x105x15 Cuna Colecho Corral Incl Almohada,Colchon especializado. Medida 75x105. Color Agua.,U3458262972,2630,333,true,Color,Agua,Tamano,75x105,Product,Physical
colchon-para-colecho-cuna-corral-medidas-60x110x12,Colchon Para Colecho Cuna Corral Medidas 60x110x12 Unicuna,Colchon especializado. Medida 60x110. Color Rosa.,U3330839565,1799,333,true,Color,Rosa,Tamano,60x110,Product,Physical
colchon-para-cuna-colecho-corral-medidas-60x100x12,Colchon Para Cuna Colecho Corral Medidas 60x100x12 Unicuna,Colchon especializado. Medida 60x100. Color Agua.,U3334609580,1895,333,true,Color,Agua,Tamano,60x100,Product,Physical
colchon-para-cuna-colecho-corral-medidas-60x100x12,Colchon Para Cuna Colecho Corral Medidas 60x100x12 Unicuna,Colchon especializado. Medida 60x100. Color Rosa.,U3332861929,1850,333,true,Color,Rosa,Tamano,60x100,Product,Physical
colchon-para-cuna-colecho-corral-medidas-60x100x12,Colchon Para Cuna Colecho Corral Medidas 60x100x12 Unicuna,Colchon especializado. Medida 60x100. Color Amarillo.,U3348526996,1855,333,true,Color,Amarillo,Tamano,60x100,Product,Physical
colchon-especial,Colchon Especial,Colchon especializado. Medida Estandar. Color Colchon Especial.,U499428527,1890,1,true,Color,Colchon Especial,Tamano,Estandar,Product,Physical
colchon-45x85x10-para-cuna-colecho-corral-unicuna,Colchon 45x85x10 Para Cuna Colecho Corral Unicuna,Colchon especializado. Medida 45x85. Color Azul Claro.,U3326382813,1890,333,true,Color,Azul Claro,Tamano,45x85,Product,Physical
colchon-memory-form-70x104x10-cuna-colecho-incl-al,Colchon Memory Form 70x104x10 Cuna Colecho Incl Almohada,Colchon especializado. Medida 70x104. Color Azul Claro.,U3454197675,2150,333,true,Color,Azul Claro,Tamano,70x104,Product,Physical
colchon-cuna-colecho-corral-medidas-azul-65x95x12-,Colchon Cuna Colecho Corral Medidas Azul 65x95x12 Unicuna,Colchon especializado. Medida 65x95. Color Azul Claro.,U3339061810,1895,333,true,Color,Azul Claro,Tamano,65x95,Product,Physical
colchon-memory-60x110x15-cuna-corral-colecho-incl-,Colchon Memory 60x110x15 Cuna Corral Colecho Incl Almohada,Colchon especializado. Medida 60x110. Color Agua.,U3449020929,2635,328,true,Color,Agua,Tamano,60x110,Product,Physical
colchon-cuna-50x85x12-impermeable-colecho-corral-u,Colchon Cuna 50x85x12 Impermeable Colecho Corral Unicuna,Colchon especializado. Medida 50x85. Color Azul Claro.,U3410241107,1989,333,true,Color,Azul Claro,Tamano,50x85,Product,Physical
colchon-con-cojin-corralcuna-colecho-medidas-50-x-,Colchon Con Cojin Corralcuna Colecho Medidas 50 X 80m,Colchon especializado. Medida Estandar. Color Blanco.,U492330900,896,40,true,Color,Blanco,Tamano,Estandar,Product,Physical
colchon-impermeable-cuna-colecho-corral-75x105x10-,Colchon Impermeable Cuna Colecho Corral 75x105x10 Unicuna,Colchon especializado. Medida 75x105. Color Rosa.,U3375124807,1859,333,true,Color,Rosa,Tamano,75x105,Product,Physical
colchon-almohada-premium-190x65-unicuna,Colchon Almohada Premium 190x65 Unicuna,Colchon especializado. Medida Estandar. Color Blanco.,U3108335972,1680,332,true,Color,Blanco,Tamano,Estandar,Product,Physical
colchon-cuna-impermeable-70x120x15-colecho-corral-,Colchon Cuna Impermeable 70x120x15 Colecho Corral Viajera,Colchon especializado. Medida 70x120. Color Azul Claro.,U3414649641,2200,333,true,Color,Azul Claro,Tamano,70x120,Product,Physical
colchon-doble-funda-corral-cuna-colecho-1-m-x-50m-,Colchon Doble Funda Corral Cuna Colecho 1 M X 50m Imperme,Colchon especializado. Medida Estandar. Color Blanco.,U791627647,1033,327,true,Color,Blanco,Tamano,Estandar,Product,Physical
colchon-memory-form-60x100x10-cuna-colecho-incl-al,Colchon Memory Form 60x100x10 Cuna Colecho Incl Almohada,Colchon especializado. Medida 60x100. Color Azul Claro.,U3456606629,2120,333,true,Color,Azul Claro,Tamano,60x100,Product,Physical
colchon-con-cojin-cuna-corral-85x45-supreme-rosa,Colchon Con Cojin Cuna Corral 85x45 Supreme Rosa,Colchon especializado. Medida 85x45. Color Rosa Claro.,U3288513866,1150,333,true,Color,Rosa Claro,Tamano,85x45,Product,Physical
colchon-con-cojin-cuna-corral-colecho-90x60x12-sup,Colchon Con Cojin Cuna Corral Colecho 90x60x12 Supreme Azul,Colchon especializado. Medida 90x60. Color Azul Claro.,U3312572974,1100,332,true,Color,Azul Claro,Tamano,90x60,Product,Physical
colchon-cuna-colecho-corral-50x80x10-unicuna,Colchon Cuna Colecho Corral 50x80x10 Unicuna,Colchon especializado. Medida 50x80. Color Agua.,U3318822924,1895,333,true,Color,Agua,Tamano,50x80,Product,Physical
colchon-corral-65x95-impermeable-rosa-cuna-colecho,Colchon Corral 65x95 Impermeable Rosa Cuna Colecho,Colchon especializado. Medida 65x95. Color Rosa Palido.,U3369411287,1489,328,true,Color,Rosa Palido,Tamano,65x95,Product,Physical
colchon-impermeable-45x85x12-cuna-colecho-corral-u,Colchon Impermeable 45x85x12 Cuna Colecho Corral Unicuna,Colchon especializado. Medida 45x85. Color Azul Claro.,U3418990394,1988,333,true,Color,Azul Claro,Tamano,45x85,Product,Physical
colchon-para-cuna-colecho-corral-104x70x10-unicuna,Colchon Para Cuna Colecho Corral 104x70x10 Unicuna,Colchon especializado. Medida 104x70. Color Azul Claro.,U3331752548,1890,329,true,Color,Azul Claro,Tamano,104x70,Product,Physical
colchon-impermeable-60x110x10-cuna-colecho-corral-,Colchon Impermeable 60x110x10 Cuna Colecho Corral Unicuna,Colchon especializado. Medida 60x110. Color Rosa.,U3379303772,1899,333,true,Color,Rosa,Tamano,60x110,Product,Physical
colchon-cuna-corral-55x1m,Colchon Cuna Corral 55x1m,Colchon especializado. Medida 55x1. Color Blanco.,U955446790,1253,99,true,Color,Blanco,Tamano,55x1,Product,Physical
colchon-cuna-corral-55-x-110,Colchon Cuna Corral 55 X 110,Colchon especializado. Medida Estandar. Color Blancovino.,U3058260594,1793,328,true,Color,Blancovino,Tamano,Estandar,Product,Physical
colchon-70x140x8-impermeable-cuna-colecho-corral-u,Colchon 70x140x8 Impermeable Cuna Colecho Corral Unicuna,Colchon especializado. Medida 70x140. Color Azul Claro.,U3401916017,2015,333,true,Color,Azul Claro,Tamano,70x140,Product,Physical
colchon-con-cojin-cuna-corral-colecho-110x70-supre,Colchon Con Cojin Cuna Corral Colecho 110x70 Supreme Verde,Colchon especializado. Medida 110x70. Color Verde Claro.,U3287889120,1150,328,true,Color,Verde Claro,Tamano,110x70,Product,Physical
colchon-memory-foam-60x110x10-cm-cuna-colecho-corr,Colchon Memory Foam 60x110x10 Cm Cuna Colecho Corral Viajera,Colchon especializado. Medida 60x110. Color Agua.,U3448549118,2105,333,true,Color,Agua,Tamano,60x110,Product,Physical
colchon-cuna-unicuna-memory-120x60x8-corralcolecho,Colchon Cuna Unicuna Memory 120x60x8 Corralcolecho,Colchon especializado. Medida 120x60. Color Agua.,U3516339319,1133,329,true,Color,Agua,Tamano,120x60,Product,Physical
colchon-memory-70x130x10-memory-form-cuna-colecho-,Colchon Memory 70x130x10 Memory Form Cuna Colecho Corral,Colchon especializado. Medida 70x130. Color Agua.,U3722874675,2200,331,true,Color,Agua,Tamano,70x130,Product,Physical
colchon-cuna-corral-colecho-130-x-80m-imperme,Colchon Cuna Corral Colecho 130 X 80m Imperme,Colchon especializado. Medida Estandar. Color Blanco.,U930722598,1330,131,true,Color,Blanco,Tamano,Estandar,Product,Physical
colchon-cuna-bebe-baby-essential-memory-foam-105x7,Colchon Cuna Bebe Baby Essential Memory Foam 105x70x13 Azul,Colchon especializado. Medida 105x70. Color Azul Claro.,U3466918685,2650,333,true,Color,Azul Claro,Tamano,105x70,Product,Physical
colchon-cuna-corral-imper-con-almohada-ros-110-x-7,Colchon Cuna Corral Imper Con Almohada Ros 110 X 76 M,Colchon especializado. Medida Estandar. Color Rosa.,U476125055,1133,87,true,Color,Rosa,Tamano,Estandar,Product,Physical
colchon-70x100x12-impermeable-cuna-colecho-corral-,Colchon 70x100x12 Impermeable Cuna Colecho Corral Unicuna,Colchon especializado. Medida 70x100. Color Azul Claro.,U3414846276,1989,333,true,Color,Azul Claro,Tamano,70x100,Product,Physical
colchon-con-cojin-cuna-corral-120x60x15-supreme-ro,Colchon Con Cojin Cuna Corral 120x60x15 Supreme Rosa,Colchon especializado. Medida 120x60. Color Rosa Claro.,U3290308942,1650,332,true,Color,Rosa Claro,Tamano,120x60,Product,Physical
colchon-memory-form-60x110x13-cuna-colecho-inc-alm,Colchon Memory Form 60x110x13 Cuna Colecho Inc Almohada Bebe,Colchon especializado. Medida 60x110. Color Agua.,U3446632421,,333,true,Color,Agua,Tamano,60x110,Product,Physical
colchon-almohada-postquirurgico-post-cirugia-memor,Colchon Almohada Postquirurgico Post Cirugia Memory Bbl,Colchon especializado. Medida Estandar. Color Rosa.,U3832679377,6800,332,true,Color,Rosa,Tamano,Estandar,Product,Physical
colchon-para-cuna-colecho-corral-medidas-60x95x15-,Colchon Para Cuna Colecho Corral Medidas 60x95x15 Unicuna,Colchon especializado. Medida 60x95. Color Azul Claro.,U3360909130,1985,333,true,Color,Azul Claro,Tamano,60x95,Product,Physical
colchon-para-cuna-colecho-corral-medidas-60x95x15-,Colchon Para Cuna Colecho Corral Medidas 60x95x15 Unicuna,Colchon especializado. Medida 60x95. Color Amarillo.,U3365281914,1988,333,true,Color,Amarillo,Tamano,60x95,Product,Physical
colchon-para-cuna-colecho-corral-medidas-70x120x15,Colchon Para Cuna Colecho Corral Medidas 70x120x15 Unicuna,Colchon especializado. Medida 70x120. Color Rosa.,U3360608294,1874,332,true,Color,Rosa,Tamano,70x120,Product,Physical
colchon-para-cuna-colecho-corral-medidas-70x120x15,Colchon Para Cuna Colecho Corral Medidas 70x120x15 Unicuna,Colchon especializado. Medida 70x120. Color Azul Claro.,U3356802979,1978,333,true,Color,Azul Claro,Tamano,70x120,Product,Physical
colchon-cuna-med50x80x10-impermeable-colecho-corra,Colchon Cuna Med50x80x10 Impermeable Colecho Corral Unicuna,Colchon especializado. Medida 50x80. Color Azul Claro.,U3412525764,1959,333,true,Color,Azul Claro,Tamano,50x80,Product,Physical
colchon-impermeable-70x110x15-cuna-colecho-corral-,Colchon Impermeable 70x110x15 Cuna Colecho Corral Viajera,Colchon especializado. Medida 70x110. Color Azul Claro.,U3421184180,2250,333,true,Color,Azul Claro,Tamano,70x110,Product,Physical
colchon-con-cojin-cuna-corral-colecho-140x90-supre,Colchon Con Cojin Cuna Corral Colecho 140x90 Supreme Verde,Colchon especializado. Medida 140x90. Color Verde Claro.,U3285553677,1650,333,true,Color,Verde Claro,Tamano,140x90,Product,Physical
colchon-memory-65x95x13-form-cuna-colecho-incl-alm,Colchon Memory 65x95x13 Form Cuna Colecho Incl Almohada,Colchon especializado. Medida 65x95. Color Azul Claro.,U3466704624,2404,331,true,Color,Azul Claro,Tamano,65x95,Product,Physical
colchon-memory-65x95x15-cuna-corral-colecho-incl-a,Colchon Memory 65x95x15 Cuna Corral Colecho Incl Almohada,Colchon especializado. Medida 65x95. Color Agua.,U3448977827,2660,332,true,Color,Agua,Tamano,65x95,Product,Physical
colchon-con-cojin-cuna-corral-colecho-85x45-suprem,Colchon Con Cojin Cuna Corral Colecho 85x45 Supreme Azul,Colchon especializado. Medida 85x45. Color Azul Claro.,U3306965087,1150,331,true,Color,Azul Claro,Tamano,85x45,Product,Physical
colchon-impermeable-cuna-colecho-corral-70x110x10-,Colchon Impermeable Cuna Colecho Corral 70x110x10 Rosa,Colchon especializado. Medida 70x110. Color Rosa.,U3375067959,1859,333,true,Color,Rosa,Tamano,70x110,Product,Physical
colchon-memory-70x105x10-incl-almohada-cuna-colech,Colchon Memory 70x105x10 Incl Almohada Cuna Colecho Corral,Colchon especializado. Medida 70x105. Color Agua.,U3442028865,2120,333,true,Color,Agua,Tamano,70x105,Product,Physical
colchon-con-cojin-cuna-corral-colecho-130x75x10-su,Colchon Con Cojin Cuna Corral Colecho 130x75x10 Supreme Azul,Colchon especializado. Medida 130x75. Color Azul Claro.,U3306569283,1650,333,true,Color,Azul Claro,Tamano,130x75,Product,Physical
colchon-cuna-colecho-corral-60x90x10-unicuna,Colchon Cuna Colecho Corral 60x90x10 Unicuna,Colchon especializado. Medida 60x90. Color Rosa.,U3321266494,1900,333,true,Color,Rosa,Tamano,60x90,Product,Physical
colchon-con-cojin-cuna-corral-colecho-60x1-supreme,Colchon Con Cojin Cuna Corral Colecho 60x1 Supreme Azul,Colchon especializado. Medida 60x1. Color Azul Claro.,U3307028521,1250,333,true,Color,Azul Claro,Tamano,60x1,Product,Physical
colchon-para-cuna-colecho-48-x-82m-x-10,Colchon Para Cuna Colecho 48 X 82m X 10,Colchon especializado. Medida Estandar. Color Blanco.,U928580011,1117,26,true,Color,Blanco,Tamano,Estandar,Product,Physical
colchon-cuna-70x110x8-impermeable-colecho-corral-u,Colchon Cuna 70x110x8 Impermeable Colecho Corral Unicuna,Colchon especializado. Medida 70x110. Color Azul Claro.,U3406201960,2100,333,true,Color,Azul Claro,Tamano,70x110,Product,Physical
colchon-cuna-150x1-x27,Colchon Cuna 150x1 X27,Colchon especializado. Medida 50x1. Color Colchon Cuna 150x1 X27.,U501178652,1870,1,true,Color,Colchon Cuna 150x1 X27,Tamano,50x1,Product,Physical
colchon-corral-cuna-colecho-100x-50x-15,Colchon Corral Cuna Colecho 100x 50x 15,Colchon especializado. Medida Estandar. Color Blancovino.,U492381504,1559,84,true,Color,Blancovino,Tamano,Estandar,Product,Physical
colchon-75x105x12-impermeable-cuna-colecho-corral-,Colchon 75x105x12 Impermeable Cuna Colecho Corral Unicuna,Colchon especializado. Medida 75x105. Color Rosa.,U3384058693,1859,333,true,Color,Rosa,Tamano,75x105,Product,Physical
colchon-cuna-corral-imper-con-almohada-ros-65x-95m,Colchon Cuna Corral Imper Con Almohada Ros 65x 95m,Colchon especializado. Medida Estandar. Color Rosa.,U492023758,887,333,true,Color,Rosa,Tamano,Estandar,Product,Physical
colchon-memory-form-60x95x13-cm-cuna-colecho-incl-,Colchon Memory Form 60x95x13 Cm Cuna Colecho Incl Almohada,Colchon especializado. Medida 60x95. Color Azul Claro.,U3475435378,2451,333,true,Color,Azul Claro,Tamano,60x95,Product,Physical
colchon-memory-form-70x105x10-cuna-colecho-incl-al,Colchon Memory Form 70x105x10 Cuna Colecho Incl Almohada,Colchon especializado. Medida 70x105. Color Azul Claro.,U3456627875,2150,333,true,Color,Azul Claro,Tamano,70x105,Product,Physical
colchon-50x85x10-cm-para-cuna-colecho-corral-unicu,Colchon 50x85x10 Cm Para Cuna Colecho Corral Unicuna,Colchon especializado. Medida 50x85. Color Agua.,U3312861607,1896,333,true,Color,Agua,Tamano,50x85,Product,Physical
colchon-50x85x10-cm-para-cuna-colecho-corral-unicu,Colchon 50x85x10 Cm Para Cuna Colecho Corral Unicuna,Colchon especializado. Medida 50x85. Color Azul Claro.,U3325824185,1890,333,true,Color,Azul Claro,Tamano,50x85,Product,Physical
colchon-impermeable-75x105x12-cuna-colecho-corral-,Colchon Impermeable 75x105x12 Cuna Colecho Corral Unicuna,Colchon especializado. Medida 75x105. Color Azul Claro.,U3417021652,2155,333,true,Color,Azul Claro,Tamano,75x105,Product,Physical
colchon-60x100x15-cuna-colecho-corral-viajera-unic,Colchon 60x100x15 Cuna Colecho Corral Viajera Unicuna,Colchon especializado. Medida 60x100. Color Azul Claro.,U3354791605,1899,333,true,Color,Azul Claro,Tamano,60x100,Product,Physical
colchon-60x100x15-cuna-colecho-corral-viajera-unic,Colchon 60x100x15 Cuna Colecho Corral Viajera Unicuna,Colchon especializado. Medida 60x100. Color Amarillo.,U3365197086,1988,333,true,Color,Amarillo,Tamano,60x100,Product,Physical
colchon-memory-form-45x85x10-cuna-colecho-incl-alm,Colchon Memory Form 45x85x10 Cuna Colecho Incl Almohada,Colchon especializado. Medida 45x85. Color Azul Claro.,U3456886687,2158,333,true,Color,Azul Claro,Tamano,45x85,Product,Physical
colchon-impermeable-cuna-colecho-corral-60x110x8-u,Colchon Impermeable Cuna Colecho Corral 60x110x8 Unicuna,Colchon especializado. Medida 60x110. Color Rosa.,U3379127624,1998,333,true,Color,Rosa,Tamano,60x110,Product,Physical
colchon-supreme-corral-cuna-colecho-65-x-95-x-15,Colchon Supreme Corral Cuna Colecho 65 X 95 X 15,Colchon especializado. Medida Estandar. Color Blancovino.,U469423657,1560,45,true,Color,Blancovino,Tamano,Estandar,Product,Physical
colchon-con-cojin-cuna-corral-85x45-supreme-verde,Colchon Con Cojin Cuna Corral 85x45 Supreme Verde,Colchon especializado. Medida 85x45. Color Verde Claro.,U3291067288,963,329,true,Color,Verde Claro,Tamano,85x45,Product,Physical
colchon-con-cojin-cuna-colecho-viajera-45-x-85m,Colchon Con Cojin Cuna Colecho Viajera 45 X 85m,Colchon especializado. Medida Estandar. Color Blanco.,U489747163,896,304,true,Color,Blanco,Tamano,Estandar,Product,Physical
colchon-impermeable-cuna-colecho-corral-70x110x8-u,Colchon Impermeable Cuna Colecho Corral 70x110x8 Unicuna,Colchon especializado. Medida 70x110. Color Rosa.,U3371071347,1988,333,true,Color,Rosa,Tamano,70x110,Product,Physical
colchon-de-cuna-colecho-corral-azul-medidas-60x90x,Colchon De Cuna Colecho Corral Azul Medidas 60x90x12 Unicuna,Colchon especializado. Medida 60x90. Color Azul Claro.,U3339070202,1852,331,true,Color,Azul Claro,Tamano,60x90,Product,Physical
colchon-cuna-corral-colecho-60x90-azul-unicuna-sup,Colchon Cuna Corral Colecho 60x90 Azul Unicuna Supreme,Colchon especializado. Medida 60x90. Color Azul Claro.,U3293203181,1289,333,true,Color,Azul Claro,Tamano,60x90,Product,Physical
colchon-cuna-76x110-corral-colecho-viajera-con-coj,Colchon Cuna 76x110 Corral Colecho Viajera Con Cojin,Colchon especializado. Medida 76x1. Color Blanco.,U812494744,1890,298,true,Color,Blanco,Tamano,76x1,Product,Physical
colchon-memory-90x140x10-cm-cuna-colecho-corral-vi,Colchon Memory 90x140x10 Cm Cuna Colecho Corral Viajera,Colchon especializado. Medida 90x140. Color Agua.,U3448914090,,333,true,Color,Agua,Tamano,90x140,Product,Physical
colchon-con-cojin-cuna-corral-150x1x15-supreme-ros,Colchon Con Cojin Cuna Corral 150x1x15 Supreme Rosa,Colchon especializado. Medida 150x1. Color Rosa Claro.,U3282812915,1950,332,true,Color,Rosa Claro,Tamano,150x1,Product,Physical
colchon-impermeable-cuna-colecho-corral-70x104x8-u,Colchon Impermeable Cuna Colecho Corral 70x104x8 Unicuna,Colchon especializado. Medida 70x104. Color Rosa.,U3377071822,1899,330,true,Color,Rosa,Tamano,70x104,Product,Physical
colchon-con-cojin-cuna-corral-colecho-115x60-supre,Colchon Con Cojin Cuna Corral Colecho 115x60 Supreme Rosa,Colchon especializado. Medida 115x60. Color Rosa Claro.,U3312994384,1100,321,true,Color,Rosa Claro,Tamano,115x60,Product,Physical
colchon-con-cojin-cuna-corral-colecho-110x50-supre,Colchon Con Cojin Cuna Corral Colecho 110x50 Supreme Azul,Colchon especializado. Medida 110x50. Color Azul Claro.,U3306631201,1100,333,true,Color,Azul Claro,Tamano,110x50,Product,Physical
colchon-colecho-corral-cuna-70x105x10-unicuna,Colchon Colecho Corral Cuna 70x105x10 Unicuna,Colchon especializado. Medida 70x105. Color Rosa.,U3321694172,1890,333,true,Color,Rosa,Tamano,70x105,Product,Physical
colchon-med-70x110x15-cuna-colecho-corralunicuna,Colchon Med 70x110x15 Cuna Colecho Corralunicuna,Colchon especializado. Medida 70x110. Color Agua.,U3353222090,1895,333,true,Color,Agua,Tamano,70x110,Product,Physical
colchon-para-cuna-corral-colecho-con-cojin-70x1-ro,Colchon Para Cuna Corral Colecho Con Cojin 70x1 Rosa,Colchon especializado. Medida 70x1. Color Rosa Claro.,U3273547397,1780,329,true,Color,Rosa Claro,Tamano,70x1,Product,Physical
colchon-memory-form-75x105x10-cuna-colecho-con-alm,Colchon Memory Form 75x105x10 Cuna Colecho Con Almohada Rosa,Colchon especializado. Medida 75x105. Color Rosa Claro.,U3487512975,2117,333,true,Color,Rosa Claro,Tamano,75x105,Product,Physical
colchon-memory-form-90x120x13-cuna-colecho-inc-alm,Colchon Memory Form 90x120x13 Cuna Colecho Inc Almohada Bebe,Colchon especializado. Medida 90x120. Color Agua.,U3446598461,2450,333,true,Color,Agua,Tamano,90x120,Product,Physical
colchon-corral-cuna-colecho-medidas-95-x-140m-impe,Colchon Corral Cuna Colecho Medidas 95 X 140m Imperme,Colchon especializado. Medida Estandar. Color Colchon Corral Cuna Colecho Medidas 95 X 140m Imperme.,U470476289,1560,104,true,Color,Colchon Corral Cuna Colecho Medidas 95 X 140m Imperme,Tamano,Estandar,Product,Physical
colchon-para-cuna-colecho-corral-medida-60x110x10-,Colchon Para Cuna Colecho Corral Medida 60x110x10 Unicuna,Colchon especializado. Medida 60x110. Color Azul Claro.,U3331736128,1895,333,true,Color,Azul Claro,Tamano,60x110,Product,Physical
colchon-cuna-60x95x12-impermeable-colecho-corral-u,Colchon Cuna 60x95x12 Impermeable Colecho Corral Unicuna,Colchon especializado. Medida 60x95. Color Rosa.,U3382015121,1988,333,true,Color,Rosa,Tamano,60x95,Product,Physical
colchon-med-60x90x15-para-cuna-colecho-corral-unic,Colchon Med 60x90x15 Para Cuna Colecho Corral Unicuna,Colchon especializado. Medida 60x90. Color Agua.,U3345140089,1877,333,true,Color,Agua,Tamano,60x90,Product,Physical
colchon-impermeable-60x110x12-cuna-colecho-corral-,Colchon Impermeable 60x110x12 Cuna Colecho Corral Unicuna,Colchon especializado. Medida 60x110. Color Rosa.,U3381733583,1855,333,true,Color,Rosa,Tamano,60x110,Product,Physical
colchon-memory-45x85x10-form-cuna-colecho-corral-v,Colchon Memory 45x85x10 Form Cuna Colecho Corral Viajera,Colchon especializado. Medida 45x85. Color Agua.,U3443994329,2150,333,true,Color,Agua,Tamano,45x85,Product,Physical
colchon-con-cojin-cuna-corral-150x95x15-supreme-ro,Colchon Con Cojin Cuna Corral 150x95x15 Supreme Rosa,Colchon especializado. Medida 150x95. Color Rosa Claro.,U3290393962,2050,331,true,Color,Rosa Claro,Tamano,150x95,Product,Physical
colchon-cuna-impermeable-55x95x15-colecho-corral-v,Colchon Cuna Impermeable 55x95x15 Colecho Corral Viajera,Colchon especializado. Medida 55x95. Color Azul Claro.,U3421344060,2002,333,true,Color,Azul Claro,Tamano,55x95,Product,Physical
colchon-cuna-60x110x8-impermeable-colecho-corral-u,Colchon Cuna 60x110x8 Impermeable Colecho Corral Unicuna,Colchon especializado. Medida 60x110. Color Azul Claro.,U3406128248,1988,333,true,Color,Azul Claro,Tamano,60x110,Product,Physical
colchon-con-cojin-cuna-corral-110x60-supreme-rosa,Colchon Con Cojin Cuna Corral 110x60 Supreme Rosa,Colchon especializado. Medida 110x60. Color Rosa Claro.,U3288790782,1150,324,true,Color,Rosa Claro,Tamano,110x60,Product,Physical
colchon-antireflujo-corral-viajera-colecho-70-x-1-,Colchon Antireflujo Corral Viajera Colecho 70 X 1 M X15,Colchon especializado. Medida Estandar. Color Blanco.,U490224941,998,331,true,Color,Blanco,Tamano,Estandar,Product,Physical
colchon-cuna-60x90x10-impermeable-colecho-corral-u,Colchon Cuna 60x90x10 Impermeable Colecho Corral Unicuna,Colchon especializado. Medida 60x90. Color Azul Claro.,U3408161477,2010,33,true,Color,Azul Claro,Tamano,60x90,Product,Physical
colchon-memory-form-60x110x10-cuna-colecho-con-alm,Colchon Memory Form 60x110x10 Cuna Colecho Con Almohada Rosa,Colchon especializado. Medida 60x110. Color Rosa Claro.,U3484263003,2150,333,true,Color,Rosa Claro,Tamano,60x110,Product,Physical
colchon-impermeable-70x140x12-cuna-colecho-corral-,Colchon Impermeable 70x140x12 Cuna Colecho Corral Unicuna,Colchon especializado. Medida 70x140. Color Azul Claro.,U3419011110,2200,333,true,Color,Azul Claro,Tamano,70x140,Product,Physical
colchon-memory-form-60x90x13-cuna-colecho-con-almo,Colchon Memory Form 60x90x13 Cuna Colecho Con Almohada Rosa,Colchon especializado. Medida 60x90. Color Rosa Claro.,U3490029637,2475,332,true,Color,Rosa Claro,Tamano,60x90,Product,Physical
colchon-memory-form-45x85x10colecho-con-almohada-r,Colchon Memory Form 45x85x10colecho Con Almohada Rosa,Colchon especializado. Medida 45x85. Color Rosa Claro.,U3487471931,2113,333,true,Color,Rosa Claro,Tamano,45x85,Product,Physical
colchon-impermeable-70x100x8-cuna-colecho-corral-u,Colchon Impermeable 70x100x8 Cuna Colecho Corral Unicuna,Colchon especializado. Medida 70x100. Color Rosa.,U3377026030,1899,333,true,Color,Rosa,Tamano,70x100,Product,Physical
colchon-de-cuna-memory-foam-70x110x13-blano-con-ro,Colchon De Cuna Memory Foam 70x110x13 Blano Con Rosa Incll,Colchon especializado. Medida 70x110. Color Rosa Claro.,U3499583756,2480,333,true,Color,Rosa Claro,Tamano,70x110,Product,Physical
colchon-impermeable-cuna-colecho-corral-60x110x10-,Colchon Impermeable Cuna Colecho Corral 60x110x10 Unicuna,Colchon especializado. Medida 60x110. Color Rosa.,U3385585974,1877,333,true,Color,Rosa,Tamano,60x110,Product,Physical
colchon-con-cojin-cuna-corral-colecho-115x60-supre,Colchon Con Cojin Cuna Corral Colecho 115x60 Supreme Azul,Colchon especializado. Medida 115x60. Color Azul Claro.,U3307133283,1100,329,true,Color,Azul Claro,Tamano,115x60,Product,Physical
colchon-memory-70x104x15-cuna-corral-colecho-incl-,Colchon Memory 70x104x15 Cuna Corral Colecho Incl Almohada,Colchon especializado. Medida 70x104. Color Agua.,U3449028301,2610,332,true,Color,Agua,Tamano,70x104,Product,Physical
colchon-para-cuna-colecho-corral-medidas-55x90x15-,Colchon Para Cuna Colecho Corral Medidas 55x90x15 Unicuna,Colchon especializado. Medida 55x90. Color Azul Claro.,U3360783490,1978,333,true,Color,Azul Claro,Tamano,55x90,Product,Physical
colchon-memory-70x100x13-form-cuna-colecho-corral-,Colchon Memory 70x100x13 Form Cuna Colecho Corral Viajera,Colchon especializado. Medida 70x100. Color Agua.,U3450800204,2200,328,true,Color,Agua,Tamano,70x100,Product,Physical
colchon-cuna-colecho-corral-medidas-70x100x15-unic,Colchon Cuna Colecho Corral Medidas 70x100x15 Unicuna Rosa,Colchon especializado. Medida 70x100. Color Rosa.,U3347432393,1789,331,true,Color,Rosa,Tamano,70x100,Product,Physical
colchon-para-cuna-colecho-corral-medidas-70x104x10,Colchon Para Cuna Colecho Corral Medidas 70x104x10 Unicuna,Colchon especializado. Medida 70x104. Color Amarillo.,U3345456516,1852,333,true,Color,Amarillo,Tamano,70x104,Product,Physical
colchon-corral-cuna-colecho-140x-80x-15,Colchon Corral Cuna Colecho 140x 80x 15,Colchon especializado. Medida Estandar. Color Blancovino.,U490228771,1789,79,true,Color,Blancovino,Tamano,Estandar,Product,Physical
colchon-70x100x8-impermeable-cuna-colecho-corral-u,Colchon 70x100x8 Impermeable Cuna Colecho Corral Unicuna,Colchon especializado. Medida 70x100. Color Azul Claro.,U3406097980,1899,333,true,Color,Azul Claro,Tamano,70x100,Product,Physical
colchon-cuna-colecho-corral-medidas-60x90x15-unicu,Colchon Cuna Colecho Corral Medidas 60x90x15 Unicuna Rosa,Colchon especializado. Medida 60x90. Color Rosa.,U3358138158,1875,332,true,Color,Rosa,Tamano,60x90,Product,Physical
colchon-con-cojin-cuna-corral-colecho-95x65x12-sup,Colchon Con Cojin Cuna Corral Colecho 95x65x12 Supreme Verde,Colchon especializado. Medida 95x65. Color Verde Claro.,U3285978191,1550,333,true,Color,Verde Claro,Tamano,95x65,Product,Physical
colchon-corral-cuna-colecho-medidas-60-x-93m-imper,Colchon Corral Cuna Colecho Medidas 60 X 93m Imperme,Colchon especializado. Medida Estandar. Color Blanco.,U468527514,894,116,true,Color,Blanco,Tamano,Estandar,Product,Physical
colchon-corral-cuna-colecho-medidas-90-x-110-m-imp,Colchon Corral Cuna Colecho Medidas 90 X 110 M Imperme,Colchon especializado. Medida Estandar. Color Blanco.,U466459969,1199,122,true,Color,Blanco,Tamano,Estandar,Product,Physical
colchon-para-corral-cuna-colecho-medidas-65x95x12-,Colchon Para Corral Cuna Colecho Medidas 65x95x12 Unicuna,Colchon especializado. Medida 65x95. Color Rosa.,U3336764390,1895,333,true,Color,Rosa,Tamano,65x95,Product,Physical
colchon-memory-65x95x13-form-cuna-colecho-corral-c,Colchon Memory 65x95x13 Form Cuna Colecho Corral Con Almohad,Colchon especializado. Medida 65x95. Color Agua.,U3444130001,2125,330,true,Color,Agua,Tamano,65x95,Product,Physical
cojin-almohada-de-lactancia-para-bebe-rosa-unicuna,Cojin Almohada De Lactancia Para Bebe Rosa Unicuna Supreme,Colchon especializado. Medida Estandar. Color Rosa Claro Unicuna Baby.,U3299905906,363,330,true,Color,Rosa Claro Unicuna Baby,Tamano,Estandar,Product,Physical
colchon-cuna-50x80x15-impermeable-colecho-corral-u,Colchon Cuna 50x80x15 Impermeable Colecho Corral Unicuna,Colchon especializado. Medida 50x80. Color Rosa.,U3395236516,1988,333,true,Color,Rosa,Tamano,50x80,Product,Physical
colchon-memory-60x110x13-form-cuna-colecho-incl-al,Colchon Memory 60x110x13 Form Cuna Colecho Incl Almohada,Colchon especializado. Medida 60x110. Color Azul Claro.,U3466948712,2420,333,true,Color,Azul Claro,Tamano,60x110,Product,Physical
colchon-cuna-impermeable-45x85x15-colecho-corral-v,Colchon Cuna Impermeable 45x85x15 Colecho Corral Viajera,Colchon especializado. Medida 45x85. Color Azul Claro.,U3418695835,2150,333,true,Color,Azul Claro,Tamano,45x85,Product,Physical
colchon-impermeable-cuna-colecho-corral-60x95x10-u,Colchon Impermeable Cuna Colecho Corral 60x95x10 Unicuna,Colchon especializado. Medida 60x95. Color Rosa.,U3381236428,1985,333,true,Color,Rosa,Tamano,60x95,Product,Physical
colchon-cuna-70x140x10-impermeable-colecho-corral-,Colchon Cuna 70x140x10 Impermeable Colecho Corral Unicuna,Colchon especializado. Medida 70x140. Color Azul Claro.,U3414786430,2200,333,true,Color,Azul Claro,Tamano,70x140,Product,Physical
colchon-con-cojin-cuna-corral-colecho-110x60-supre,Colchon Con Cojin Cuna Corral Colecho 110x60 Supreme Azul,Colchon especializado. Medida 110x60. Color Azul Claro.,U3306874523,1150,326,true,Color,Azul Claro,Tamano,110x60,Product,Physical
colchon-con-cojin-cuna-corral-colecho-150x1x15-sup,Colchon Con Cojin Cuna Corral Colecho 150x1x15 Supreme Azul,Colchon especializado. Medida 150x1. Color Azul Claro.,U3306943607,1950,332,true,Color,Azul Claro,Tamano,150x1,Product,Physical
colchon-impermeable-cuna-colecho-corral-55x95x10-u,Colchon Impermeable Cuna Colecho Corral 55x95x10 Unicuna,Colchon especializado. Medida 55x95. Color Rosa.,U3381419752,1899,333,true,Color,Rosa,Tamano,55x95,Product,Physical
colchon-cuna-colecho-corral-medidas-70x104x15-unic,Colchon Cuna Colecho Corral Medidas 70x104x15 Unicuna Rosa,Colchon especializado. Medida 70x104. Color Rosa.,U3358304920,1874,333,true,Color,Rosa,Tamano,70x104,Product,Physical
colchon-antireflujo-corral-colecho-50-x-80,Colchon Antireflujo Corral Colecho 50 X 80,Colchon especializado. Medida Estandar. Color Blanco.,U957142864,970,325,true,Color,Blanco,Tamano,Estandar,Product,Physical
colchon-colecho-corral-cuna-70x100x10-unicuna,Colchon Colecho Corral Cuna 70x100x10 Unicuna,Colchon especializado. Medida 70x100. Color Rosa.,U3321179462,1900,333,true,Color,Rosa,Tamano,70x100,Product,Physical
colchon-unicuna-corral-almohada-y-cojin-de-lactanc,Colchon Unicuna Corral Almohada Y Cojin De Lactancia 70x1,Colchon especializado. Medida 70x1. Color Blancoguinda.,U3165895818,1780,331,true,Color,Blancoguinda,Tamano,70x1,Product,Physical
colchon-cuna-corral-colecho-60x110x10-unicuna,Colchon Cuna Corral Colecho 60x110x10 Unicuna,Colchon especializado. Medida 60x110. Color Rosa.,U3321463026,1980,333,true,Color,Rosa,Tamano,60x110,Product,Physical
colchon-cuna-corral-65-x-130-x-10,Colchon Cuna Corral 65 X 130 X 10,Colchon especializado. Medida Estandar. Color Blancovino.,U3052987903,2299,332,true,Color,Blancovino,Tamano,Estandar,Product,Physical
colchon-cuna-45x85x8-impermeable-colecho-corral-un,Colchon Cuna 45x85x8 Impermeable Colecho Corral Unicuna,Colchon especializado. Medida 45x85. Color Azul Claro.,U3408394928,2015,333,true,Color,Azul Claro,Tamano,45x85,Product,Physical
colchon-memory-form-60x90x13-cm-cuna-colecho-incl-,Colchon Memory Form 60x90x13 Cm Cuna Colecho Incl Almohada,Colchon especializado. Medida 60x90. Color Azul Claro.,U3466748320,2458,333,true,Color,Azul Claro,Tamano,60x90,Product,Physical
colchon-almohada-premium-50x87x15-unicuna-para-beb,Colchon Almohada Premium 50x87x15 Unicuna Para Bebe,Colchon especializado. Medida 50x87. Color Blanco.,U3102918635,1689,333,true,Color,Blanco,Tamano,50x87,Product,Physical
colchon-60x100x10-cm-para-cuna-colecho-corral-unic,Colchon 60x100x10 Cm Para Cuna Colecho Corral Unicuna,Colchon especializado. Medida 60x100. Color Azul Claro.,U3331794466,1890,333,true,Color,Azul Claro,Tamano,60x100,Product,Physical
colchon-impermeable-70x110x12-cuna-colecho-viajera,Colchon Impermeable 70x110x12 Cuna Colecho Viajera Unicuna,Colchon especializado. Medida 70x110. Color Azul Claro.,U3410447495,2100,333,true,Color,Azul Claro,Tamano,70x110,Product,Physical
colchon-60x90x10-cuna-colecho-corral-amarillo-unic,Colchon 60x90x10 Cuna Colecho Corral Amarillo Unicuna,Colchon especializado. Medida 60x90. Color Amarillo.,U3337621533,1985,333,true,Color,Amarillo,Tamano,60x90,Product,Physical
colchon-memory-form-60x95x15-cuna-colecho-bebe-con,Colchon Memory Form 60x95x15 Cuna Colecho Bebe Con Almohada,Colchon especializado. Medida 60x95. Color Azul Claro.,U3472199071,2655,333,true,Color,Azul Claro,Tamano,60x95,Product,Physical
colchon-memory-90x140x13-cuna-colecho-corral-incl-,Colchon Memory 90x140x13 Cuna Colecho Corral Incl Almohada,Colchon especializado. Medida 90x140. Color Azul Claro.,U3468765775,2458,333,true,Color,Azul Claro,Tamano,90x140,Product,Physical
colchon-para-cuna-corral-medidas-1-m-x-70-x-20,Colchon Para Cuna Corral Medidas 1 M X 70 X 20,Colchon especializado. Medida Estandar. Color Blanco.,U812403681,1880,113,true,Color,Blanco,Tamano,Estandar,Product,Physical
colchon-cuna-colecho-corral-medidas-50x80x15-unicu,Colchon Cuna Colecho Corral Medidas 50x80x15 Unicuna Rosa,Colchon especializado. Medida 50x80. Color Rosa.,U3352359057,1874,333,true,Color,Rosa,Tamano,50x80,Product,Physical
colchon-memory-form60x95x15-cuna-colchon-incl-almo,colchon Memory Form60x95x15 Cuna Colchon Incl Almohada,Colchon especializado. Medida 60x95. Color Agua.,U3456639668,2560,333,true,Color,Agua,Tamano,60x95,Product,Physical
colchon-con-almohada-para-cuna-corral-colecho-70x1,Colchon Con Almohada Para Cuna Corral Colecho 70x1 Verde,Colchon especializado. Medida 70x1. Color Agua.,U3273518113,1789,332,true,Color,Agua,Tamano,70x1,Product,Physical
colchon-cuna-corral-colecho-50x80x10-unicuna,Colchon Cuna Corral Colecho 50x80x10 Unicuna,Colchon especializado. Medida 50x80. Color Rosa.,U3315691691,1900,333,true,Color,Rosa,Tamano,50x80,Product,Physical
colchon-con-cojin-cuna-corral-110x76-supreme-verde,Colchon Con Cojin Cuna Corral 110x76 Supreme Verde,Colchon especializado. Medida 110x76. Color Verde Claro.,U3288364268,"1244,85",5,true,Color,Verde Claro,Tamano,110x76,Product,Physical
colchon-con-cojin-cuna-corral-colecho-140x80-supre,Colchon Con Cojin Cuna Corral Colecho 140x80 Supreme Azul,Colchon especializado. Medida 140x80. Color Azul Claro.,U3306826881,1450,333,true,Color,Azul Claro,Tamano,140x80,Product,Physical
colchon-cuna-76x110x12-impermeable-colecho-corral-,Colchon Cuna 76x110x12 Impermeable Colecho Corral Unicuna,Colchon especializado. Medida 76x110. Color Rosa.,U3390371724,1899,332,true,Color,Rosa,Tamano,76x110,Product,Physical
colchon-almohada-corral-cuna-colecho-medidas-55-x-,Colchon Almohada Corral Cuna Colecho Medidas 55 X 90,Colchon especializado. Medida Estandar. Color Blancovino.,U3114949047,897,316,true,Color,Blancovino,Tamano,Estandar,Product,Physical
colchon-cuna-colecho-corral-medidas-50x85x15-unicu,Colchon Cuna Colecho Corral Medidas 50x85x15 Unicuna Agua,Colchon especializado. Medida 50x85. Color Agua.,U3344883947,1888,333,true,Color,Agua,Tamano,50x85,Product,Physical
colchon-supreme-corral-cuna-colecho-90-x-140-x-15,Colchon Supreme Corral Cuna Colecho 90 X 140 X 15,Colchon especializado. Medida Estandar. Color Blancovino.,U469811675,1899,63,true,Color,Blancovino,Tamano,Estandar,Product,Physical
colchon-corral-60x90-impermeable-con-cojin-colecho,Colchon Corral 60x90 Impermeable Con Cojin Colecho Cuna,Colchon especializado. Medida 60x90. Color Blanco.,U478114316,"963,07",7,true,Color,Blanco,Tamano,60x90,Product,Physical
colchon-70x130x12-impermeable-cuna-colecho-corral-,Colchon 70x130x12 Impermeable Cuna Colecho Corral Unicuna,Colchon especializado. Medida 70x130. Color Rosa.,U3386344881,2050,333,true,Color,Rosa,Tamano,70x130,Product,Physical
colchon-cuna-corral-60x110x15-impermeable-colecho-,Colchon Cuna Corral 60x110x15 Impermeable Colecho Unicuna,Colchon especializado. Medida 60x110. Color Rosa.,U3397298717,1988,330,true,Color,Rosa,Tamano,60x110,Product,Physical
colchon-cuna-corral-imper-con-almohada-ros-115-x-7,Colchon Cuna Corral Imper Con Almohada Ros 115 X 75m,Colchon especializado. Medida Estandar. Color Rosa.,U926060337,1133,100,true,Color,Rosa,Tamano,Estandar,Product,Physical
colchon-colecho-60x110x15-impermeable-cuna-corral-,Colchon Colecho 60x110x15 Impermeable Cuna Corral Unicuna,Colchon especializado. Medida 60x110. Color Rosa.,U3403622058,,333,true,Color,Rosa,Tamano,60x110,Product,Physical
colchon-memory-50x80x13-form-cuna-colecho-incl-alm,Colchon Memory 50x80x13 Form Cuna Colecho Incl Almohada,Colchon especializado. Medida 50x80. Color Azul Claro.,U3466868495,2600,333,true,Color,Azul Claro,Tamano,50x80,Product,Physical
colchon-cuna-49x87x8-impermeable-colecho-corral-un,Colchon Cuna 49x87x8 Impermeable Colecho Corral Unicuna,Colchon especializado. Medida 49x87. Color Azul Claro.,U3408099250,1988,333,true,Color,Azul Claro,Tamano,49x87,Product,Physical
colchon-unicuna-premium-cuna-55x103x8-cm,Colchon Unicuna Premium Cuna 55x103x8 Cm,Colchon especializado. Medida 55x103. Color Blanco.,U3102970539,899,27,true,Color,Blanco,Tamano,55x103,Product,Physical
colchon-con-cojin-cuna-corral-colecho-100x70x10-su,Colchon Con Cojin Cuna Corral Colecho 100x70x10 Supreme Azul,Colchon especializado. Medida 100x70. Color Azul Claro.,U3306913503,1350,332,true,Color,Azul Claro,Tamano,100x70,Product,Physical
colchon-cuna-corral-105x72x15-unicuna,Colchon Cuna Corral 105x72x15 Unicuna,Colchon especializado. Medida 72x15. Color Blanco.,U3212960620,1680,28,true,Color,Blanco,Tamano,72x15,Product,Physical
colchon-con-cojin-cuna-corral-colecho-130x70-supre,Colchon Con Cojin Cuna Corral Colecho 130x70 Supreme Azul,Colchon especializado. Medida 130x70. Color Azul Claro.,U3306787193,1250,328,true,Color,Azul Claro,Tamano,130x70,Product,Physical
colchon-cuna-65x95x8-impermeable-colecho-corral-un,Colchon Cuna 65x95x8 Impermeable Colecho Corral Unicuna,Colchon especializado. Medida 65x95. Color Azul Claro.,U3399710445,2011,332,true,Color,Azul Claro,Tamano,65x95,Product,Physical
colchon-memory-form-65x95x15-cuna-colecho-bebe-con,Colchon Memory Form 65x95x15 Cuna Colecho Bebe Con Almohada,Colchon especializado. Medida 65x95. Color Azul Claro.,U3471337847,2684,333,true,Color,Azul Claro,Tamano,65x95,Product,Physical
colchon-memory-76x110x10cm-form-cuna-colecho-corra,Colchon Memory 76x110x10cm Form Cuna Colecho Corral Viajera,Colchon especializado. Medida 76x110. Color Agua.,U3450775910,2200,332,true,Color,Agua,Tamano,76x110,Product,Physical
colchon-memory-50x80x15-cuna-corral-colecho-incl-a,Colchon Memory 50x80x15 Cuna Corral Colecho Incl Almohada,Colchon especializado. Medida 50x80. Color Agua.,U3455765014,2612,333,true,Color,Agua,Tamano,50x80,Product,Physical
colchon-memory-form-70x110x10-cuna-colecho-incl-al,Colchon Memory Form 70x110x10 Cuna Colecho Incl Almohada,Colchon especializado. Medida 70x110. Color Azul Claro.,U3456665091,2151,333,true,Color,Azul Claro,Tamano,70x110,Product,Physical
colchon-antireflujo-corral-colecho-53-x-90,Colchon Antireflujo Corral Colecho 53 X 90,Colchon especializado. Medida Estandar. Color Blanco.,U491917940,980,36,true,Color,Blanco,Tamano,Estandar,Product,Physical
colchon-corral-cuna-colecho-medidas-60-x-110m-impe,Colchon Corral Cuna Colecho Medidas 60 X 110m Imperme,Colchon especializado. Medida Estandar. Color Blanco.,U920550829,1893,122,true,Color,Blanco,Tamano,Estandar,Product,Physical
colchon-con-cojin-cuna-corral-colecho-86x48x15-sup,Colchon Con Cojin Cuna Corral Colecho 86x48x15 Supreme Azul,Colchon especializado. Medida 86x48. Color Azul Claro.,U3306500889,900,261,true,Color,Azul Claro,Tamano,86x48,Product,Physical
colchon-para-cuna-colecho-50-x-80m,Colchon Para Cuna Colecho 50 X 80m,Colchon especializado. Medida Estandar. Color Blanco.,U476058393,893,6,true,Color,Blanco,Tamano,Estandar,Product,Physical
colchon-45x85x12-cuna-colecho-corral-unicuna-supre,Colchon 45x85x12 Cuna Colecho Corral Unicuna Supreme,Colchon especializado. Medida 45x85. Color Azul Claro.,U3337482395,1859,333,true,Color,Azul Claro,Tamano,45x85,Product,Physical
colchon-con-cojin-cuna-corral-colecho-130x65x10-su,Colchon Con Cojin Cuna Corral Colecho 130x65x10 Supreme Azul,Colchon especializado. Medida 130x65. Color Azul Claro.,U3306805477,1650,331,true,Color,Azul Claro,Tamano,130x65,Product,Physical
colchon-almohada-premium-55x102-unicuna,Colchon Almohada Premium 55x102 Unicuna,Colchon especializado. Medida 55x1. Color Blanco.,U3108314564,893,28,true,Color,Blanco,Tamano,55x1,Product,Physical
colchon-cuna-corral-55x207x10,Colchon Cuna Corral 55x207x10,Colchon especializado. Medida 55x207. Color Blancovino.,U3110206139,2390,333,true,Color,Blancovino,Tamano,55x207,Product,Physical
colchon-cuna-corral-imper-con-almohada-ros-95-x-70,Colchon Cuna Corral Imper Con Almohada Ros 95 X 70m,Colchon especializado. Medida Estandar. Color Rosa.,U929586468,899,72,true,Color,Rosa,Tamano,Estandar,Product,Physical
colchon-cuna-unicuna-memory-foam-76x110x13-blanco-,Colchon Cuna Unicuna Memory Foam 76x110x13 Blanco Con Rosa,Colchon especializado. Medida 76x110. Color Rosa Claro.,U3502084584,2479,333,true,Color,Rosa Claro,Tamano,76x110,Product,Physical
colchon-memory-70x105x15-cuna-corral-colecho-incl-,Colchon Memory 70x105x15 Cuna Corral Colecho Incl Almohada,Colchon especializado. Medida 70x105. Color Agua.,U3455953096,2630,333,true,Color,Agua,Tamano,70x105,Product,Physical
colchon-corral-cuna-colecho-110x-76x-15,Colchon Corral Cuna Colecho 110x 76x 15,Colchon especializado. Medida Estandar. Color Blancovino.,U490224821,1689,71,true,Color,Blancovino,Tamano,Estandar,Product,Physical
colchon-corral-70x1-impermeable-cuna-colecho,Colchon Corral 70x1 Impermeable Cuna Colecho,Colchon especializado. Medida 70x1. Color Coral Claro.,U3367258695,1380,322,true,Color,Coral Claro,Tamano,70x1,Product,Physical
colchon-con-cojin-cuna-corral-colecho-95x65x12-sup,Colchon Con Cojin Cuna Corral Colecho 95x65x12 Supreme Azul,Colchon especializado. Medida 95x65. Color Azul Claro.,U3312523768,1200,332,true,Color,Azul Claro,Tamano,95x65,Product,Physical
colchon-impermeable-60x90x12-cuna-colecho-corral-u,Colchon Impermeable 60x90x12 Cuna Colecho Corral Unicuna,Colchon especializado. Medida 60x90. Color Azul Claro.,U3412414629,2010,333,true,Color,Azul Claro,Tamano,60x90,Product,Physical
colchon-cuna-colecho-corral-medidas-50x85x15-unicu,Colchon Cuna Colecho Corral Medidas 50x85x15 Unicuna Rosa,Colchon especializado. Medida 50x85. Color Rosa.,U3352118483,1874,331,true,Color,Rosa,Tamano,50x85,Product,Physical
colchon-impermeable-60x110x15-cuna-colecho-corral-,Colchon Impermeable 60x110x15 Cuna Colecho Corral Viajera,Colchon especializado. Medida 60x110. Color Azul Claro.,U3419114804,2400,333,true,Color,Azul Claro,Tamano,60x110,Product,Physical
colchon-impermeable-50x80x12-cuna-colecho-viajera-,Colchon Impermeable 50x80x12 Cuna Colecho Viajera Unicuna,Colchon especializado. Medida 50x80. Color Azul Claro.,U3410337965,2102,333,true,Color,Azul Claro,Tamano,50x80,Product,Physical
colchon-con-cojin-cuna-corral-70x100x10-supreme-ro,Colchon Con Cojin Cuna Corral 70x100x10 Supreme Rosa,Colchon especializado. Medida 70x100. Color Rosa Claro.,U3282915455,1350,332,true,Color,Rosa Claro,Tamano,70x100,Product,Physical
colchon-cuna-colecho-corral-70x104x10-unicuna,Colchon Cuna Colecho Corral 70x104x10 Unicuna,Colchon especializado. Medida 70x104. Color Rosa.,U3321530518,1890,333,true,Color,Rosa,Tamano,70x104,Product,Physical
colchon-corral-105x70-impermeable-viajera-colechoc,Colchon Corral 105x70 Impermeable Viajera Colechocuna,Colchon especializado. Medida Estandar. Color Blanco.,U492384622,983,313,true,Color,Blanco,Tamano,Estandar,Product,Physical
colchon-con-cojin-cuna-corral-110x50-supreme-rosa,Colchon Con Cojin Cuna Corral 110x50 Supreme Rosa,Colchon especializado. Medida 110x50. Color Rosa Claro.,U3289027738,1100,332,true,Color,Rosa Claro,Tamano,110x50,Product,Physical
colchon-memory-form-90x120x10-cuna-colecho-con-alm,Colchon Memory Form 90x120x10 Cuna Colecho Con Almohada Rosa,Colchon especializado. Medida 90x120. Color Rosa Claro.,U3491875194,2100,333,true,Color,Rosa Claro,Tamano,90x120,Product,Physical
colchon-med-45x85x15-cuna-colecho-corral-unicuna,Colchon Med 45x85x15 Cuna Colecho Corral Unicuna,Colchon especializado. Medida 45x85. Color Agua.,U3353280756,1854,333,true,Color,Agua,Tamano,45x85,Product,Physical
colchon-colecho-viajera-cuna-70x110x10-unicuna,Colchon Colecho Viajera Cuna 70x110x10 Unicuna,Colchon especializado. Medida 70x110. Color Rosa.,U3323946344,1896,333,true,Color,Rosa,Tamano,70x110,Product,Physical
colchon-65x95x12-impermeable-cuna-colecho-corral-u,Colchon 65x95x12 Impermeable Cuna Colecho Corral Unicuna,Colchon especializado. Medida 65x95. Color Rosa.,U3384126721,1988,328,true,Color,Rosa,Tamano,65x95,Product,Physical
colchon-con-cojin-cunacorral-cuna-viajera-65-m-x-9,Colchon Con Cojin Cunacorral Cuna Viajera 65 M X 90m,Colchon especializado. Medida Estandar. Color Blanco.,U476128259,893,25,true,Color,Blanco,Tamano,Estandar,Product,Physical
colchon-para-cuna-corral-colecho-con-cojin-70x1-az,Colchon Para Cuna Corral Colecho Con Cojin 70x1 Azul,Colchon especializado. Medida 70x1. Color Azul Claro.,U3317117818,1783,332,true,Color,Azul Claro,Tamano,70x1,Product,Physical
colchon-memory-70x120x10-form-cuna-colecho-corral-,Colchon Memory 70x120x10 Form Cuna Colecho Corral Viajera,Colchon especializado. Medida 70x120. Color Agua.,U3450709588,2200,333,true,Color,Agua,Tamano,70x120,Product,Physical
colchon-memory-50x85x13cm-form-cuna-colecho-corral,Colchon Memory 50x85x13cm Form Cuna Colecho Corral Viajera,Colchon especializado. Medida 50x85. Color Agua.,U3444179427,2200,333,true,Color,Agua,Tamano,50x85,Product,Physical
colchon-con-cojin-cuna-corral-90x50-supreme-rosa,Colchon Con Cojin Cuna Corral 90x50 Supreme Rosa,Colchon especializado. Medida 90x50. Color Rosa Claro.,U3288800788,1050,272,true,Color,Rosa Claro,Tamano,90x50,Product,Physical
colchon-cuna-70x104x8-impermeable-colecho-corral-u,Colchon Cuna 70x104x8 Impermeable Colecho Corral Unicuna,Colchon especializado. Medida 70x104. Color Azul Claro.,U3406138778,1988,333,true,Color,Azul Claro,Tamano,70x104,Product,Physical
colchon-memory-60x110x13-form-cuna-colecho-corral-,Colchon Memory 60x110x13 Form Cuna Colecho Corral Calmohada,Colchon especializado. Medida 60x110. Color Agua.,U3450941880,2200,333,true,Color,Agua,Tamano,60x110,Product,Physical
colchon-cuna-76x110x10-impermeable-colecho-corral-,Colchon Cuna 76x110x10 Impermeable Colecho Corral Unicuna,Colchon especializado. Medida 76x110. Color Azul Claro.,U3408070395,2100,331,true,Color,Azul Claro,Tamano,76x110,Product,Physical
colchon-impermeable-76x110x15-cuna-colecho-corral-,Colchon Impermeable 76x110x15 Cuna Colecho Corral Viajera,Colchon especializado. Medida 76x110. Color Azul Claro.,U3414718853,2400,333,true,Color,Azul Claro,Tamano,76x110,Product,Physical
colchon-cuna-corral-imper-con-almohada-ros-60-x-95,Colchon Cuna Corral Imper Con Almohada Ros 60 X 95 M,Colchon especializado. Medida Estandar. Color Rosa.,U489748051,889,91,true,Color,Rosa,Tamano,Estandar,Product,Physical
colchon-con-cojin-cuna-corral-130x70-supreme-rosa,Colchon Con Cojin Cuna Corral 130x70 Supreme Rosa,Colchon especializado. Medida 130x70. Color Rosa Claro.,U3283102299,1250,322,true,Color,Rosa Claro,Tamano,130x70,Product,Physical
colchon-impermeable-cuna-colecho-corral-70x105x8-u,Colchon Impermeable Cuna Colecho Corral 70x105x8 Unicuna,Colchon especializado. Medida 70x105. Color Rosa.,U3379082708,1877,333,true,Color,Rosa,Tamano,70x105,Product,Physical
colchon-cuna-colecho-corral-medidas-90x120x15-unic,Colchon Cuna Colecho Corral Medidas 90x120x15 Unicuna Rosa,Colchon especializado. Medida 90x120. Color Rosa.,U3352503199,1875,330,true,Color,Rosa,Tamano,90x120,Product,Physical
colchon-cuna-corral-viajera-60-x-110-m-imperme-mil,Colchon Cuna Corral viajera 60 X 110 M Imperme Militar,Colchon especializado. Medida Estandar. Color Verde.,U929583256,1133,99,true,Color,Verde,Tamano,Estandar,Product,Physical
colchon-med-70x120x15-cuna-colecho-corral-unicuna,Colchon Med 70x120x15 Cuna Colecho Corral Unicuna,Colchon especializado. Medida 70x120. Color Agua.,U3353356956,1859,333,true,Color,Agua,Tamano,70x120,Product,Physical
colchon-impermeable-76x110x12-cuna-colecho-viajera,Colchon Impermeable 76x110x12 Cuna Colecho Viajera Unicuna,Colchon especializado. Medida 76x110. Color Azul Claro.,U3410491295,2100,333,true,Color,Azul Claro,Tamano,76x110,Product,Physical
colchon-corral-cuna-colecho-medidas-110-x-76-m-imp,Colchon Corral Cuna Colecho Medidas 110 X 76 M Imperme,Colchon especializado. Medida Estandar. Color Blanco.,U924075138,1330,119,true,Color,Blanco,Tamano,Estandar,Product,Physical
colchon-memory-45x85x13-cuna-colecho-corral-incl-a,Colchon Memory 45x85x13 Cuna Colecho Corral Incl Almohada,Colchon especializado. Medida 45x85. Color Azul Claro.,U3475685616,2459,332,true,Color,Azul Claro,Tamano,45x85,Product,Physical
colchon-impermeable-60x90x8-cuna-colecho-corral-un,Colchon Impermeable 60x90x8 Cuna Colecho Corral Unicuna,Colchon especializado. Medida 60x90. Color Rosa.,U3372950657,1987,333,true,Color,Rosa,Tamano,60x90,Product,Physical
colchon-memory-form-87x49x15-cuna-colecho-bebe-con,Colchon Memory Form 87x49x15 Cuna Colecho Bebe Con Almohada,Colchon especializado. Medida 87x49. Color Azul Claro.,U3472740573,2650,333,true,Color,Azul Claro,Tamano,87x49,Product,Physical
colchon-cuna-corral-viajera-65-x-95-m-imperme-mili,Colchon Cuna Corral viajera 65 X 95 M Imperme Militar,Colchon especializado. Medida Estandar. Color Verde.,U929586462,893,73,true,Color,Verde,Tamano,Estandar,Product,Physical
colchon-cuna-corral-72x120-unicuna-doble-funda,Colchon Cuna Corral 72x120 Unicuna Doble Funda,Colchon especializado. Medida 72x120. Color Blanco.,U3223347382,1200,31,true,Color,Blanco,Tamano,72x120,Product,Physical
colchon-supreme-corral-cuna-colecho-70-x-130-x-15,Colchon Supreme Corral Cuna Colecho 70 X 130 X 15,Colchon especializado. Medida Estandar. Color Blancovino.,U469423587,1789,333,true,Color,Blancovino,Tamano,Estandar,Product,Physical
colchon-cuna-corral-colecho-68x100m-imperme,Colchon Cuna Corral Colecho 68x100m Imperme,Colchon especializado. Medida Estandar. Color Blanco.,U953693863,893,8,true,Color,Blanco,Tamano,Estandar,Product,Physical
colchon-con-cojin-cuna-corral-70x1x10-supreme-verd,Colchon Con Cojin Cuna Corral 70x1x10 Supreme Verde,Colchon especializado. Medida 70x1. Color Verde Claro.,U3291211784,1250,333,true,Color,Verde Claro,Tamano,70x1,Product,Physical
colchon-50x80x8-impermeable-cuna-colecho-corral-un,Colchon 50x80x8 Impermeable Cuna Colecho Corral Unicuna,Colchon especializado. Medida 50x80. Color Azul Claro.,U3406153588,1988,331,true,Color,Azul Claro,Tamano,50x80,Product,Physical
colchon-con-cojin-cuna-corral-colecho-110x70-supre,Colchon Con Cojin Cuna Corral Colecho 110x70 Supreme Rosa,Colchon especializado. Medida Estandar. Color Rosa Claro.,U3281729529,1150,326,true,Color,Rosa Claro,Tamano,Estandar,Product,Physical
colchon-cuna-corral-80-x-114-x-10,Colchon Cuna Corral 80 X 114 X 10,Colchon especializado. Medida Estandar. Color Blancovino.,U3058389008,1780,332,true,Color,Blancovino,Tamano,Estandar,Product,Physical
colchon-con-cojin-cuna-corral-100x70x15-supreme-ro,Colchon Con Cojin Cuna Corral 100x70x15 Supreme Rosa,Colchon especializado. Medida 100x70. Color Rosa Claro.,U3282670439,1780,333,true,Color,Rosa Claro,Tamano,100x70,Product,Physical
colchon-cuna-60x100x8-impermeable-colecho-corral-u,Colchon Cuna 60x100x8 Impermeable Colecho Corral Unicuna,Colchon especializado. Medida 60x100. Color Azul Claro.,U3399696211,1988,333,true,Color,Azul Claro,Tamano,60x100,Product,Physical
colchon-con-cojin-cuna-corral-cuna-viajera-110-m-x,Colchon Con Cojin Cuna Corral Cuna Viajera 110 M X 70m,Colchon especializado. Medida Estandar. Color Blanco.,U490631176,1133,67,true,Color,Blanco,Tamano,Estandar,Product,Physical
colchon-impermeable-70x105x12-cuna-colecho-viajera,Colchon Impermeable 70x105x12 Cuna Colecho Viajera Unicuna,Colchon especializado. Medida 70x105. Color Azul Claro.,U3416953252,1989,333,true,Color,Azul Claro,Tamano,70x105,Product,Physical
colchon-antireflujo-corral-colecho-70-x-95,Colchon Antireflujo Corral Colecho 70 X 95,Colchon especializado. Medida Estandar. Color Blanco.,U490224979,970,32,true,Color,Blanco,Tamano,Estandar,Product,Physical
colchon-memory-form-70x120x13-cm-cuna-colecho-incl,Colchon Memory Form 70x120x13 Cm Cuna Colecho Incl Almohada,Colchon especializado. Medida 70x120. Color Azul Claro.,U3469162263,2458,333,true,Color,Azul Claro,Tamano,70x120,Product,Physical
colchon-memory-60x95x10-incl-almohada-cuna-colecho,Colchon Memory 60x95x10 Incl Almohada Cuna Colecho Corral,Colchon especializado. Medida 60x95. Color Agua.,U3448732942,2160,333,true,Color,Agua,Tamano,60x95,Product,Physical
colchon-memory-form-65x95x10-cuna-colecho-incl-alm,Colchon Memory Form 65x95x10 Cuna Colecho Incl Almohada,Colchon especializado. Medida 65x95. Color Azul Claro.,U3453960173,2120,333,true,Color,Azul Claro,Tamano,65x95,Product,Physical
colchon-cuna-60x110x15-impermeable-colecho-corral-,Colchon Cuna 60x110x15 Impermeable Colecho Corral Unicuna,Colchon especializado. Medida 60x110. Color Rosa.,U3386461893,2015,333,true,Color,Rosa,Tamano,60x110,Product,Physical
colchon-memory-form-90x140x10-cuna-colecho-con-alm,Colchon Memory Form 90x140x10 Cuna Colecho Con Almohada Rosa,Colchon especializado. Medida 90x140. Color Rosa Claro.,U3484939693,2110,333,true,Color,Rosa Claro,Tamano,90x140,Product,Physical
colchon-corral-cuna-colecho-medidas-48-x-96m-imper,Colchon Corral Cuna Colecho Medidas 48 X 96m Imperme,Colchon especializado. Medida Estandar. Color Blanco.,U933711155,898,321,true,Color,Blanco,Tamano,Estandar,Product,Physical
colchon-cuna-corral-colecho-90-x-110-m,Colchon Cuna Corral Colecho 90 X 110 M,Colchon especializado. Medida Estandar. Color Blanco.,U919768767,1299,30,true,Color,Blanco,Tamano,Estandar,Product,Physical
colchon-con-cojin-cuna-corral-60x1-supreme-rosa,Colchon Con Cojin Cuna Corral 60x1 Supreme Rosa,Colchon especializado. Medida 60x1. Color Rosa Claro.,U3282623467,1250,330,true,Color,Rosa Claro,Tamano,60x1,Product,Physical
colchon-para-cuna-colecho-corral-medidas-90x140x15,Colchon Para Cuna Colecho Corral Medidas 90x140x15 Unicuna,Colchon especializado. Medida 90x140. Color Azul Claro.,U3360944094,1859,327,true,Color,Azul Claro,Tamano,90x140,Product,Physical
colchon-para-cuna-colecho-corral-medidas-90x140x15,Colchon Para Cuna Colecho Corral Medidas 90x140x15 Unicuna,Colchon especializado. Medida 90x140. Color Agua.,U3347206809,1875,332,true,Color,Agua,Tamano,90x140,Product,Physical
colchon-para-cuna-colecho-corral-medidas-90x140x15,Colchon Para Cuna Colecho Corral Medidas 90x140x15 Unicuna,Colchon especializado. Medida 90x140. Color Amarillo.,U3365464604,1999,333,true,Color,Amarillo,Tamano,90x140,Product,Physical
colchon-memory-45x85x15-cuna-colecho-corral-incl-a,Colchon Memory 45x85x15 Cuna Colecho Corral Incl Almohada,Colchon especializado. Medida 45x85. Color Agua.,U3458194452,2610,333,true,Color,Agua,Tamano,45x85,Product,Physical
colchon-memory-70x104x13-form-cuna-colecho-incl-al,Colchon Memory 70x104x13 Form Cuna Colecho Incl Almohada,Colchon especializado. Medida 70x104. Color Azul Claro.,U3460234805,2405,333,true,Color,Azul Claro,Tamano,70x104,Product,Physical
colchon-con-cojin-cuna-corral-150x95x15-supreme-ve,Colchon Con Cojin Cuna Corral 150x95x15 Supreme Verde,Colchon especializado. Medida 150x95. Color Verde Claro.,U3311878114,2100,331,true,Color,Verde Claro,Tamano,150x95,Product,Physical
colchon-con-cojin-cuna-corral-colecho-110x70-supre,Colchon Con Cojin Cuna Corral Colecho 110x70 Supreme Verde,Colchon especializado. Medida 110x70. Color Verde Claro.,U3308770500,1550,333,true,Color,Verde Claro,Tamano,110x70,Product,Physical
colchon-para-cuna-corral-70-x-100-cm-unicuna,Colchon Para Cuna Corral 70 X 100 Cm Unicuna,Colchon especializado. Medida Estandar. Color Blanco.,U3084972469,1289,290,true,Color,Blanco,Tamano,Estandar,Product,Physical
colchon-cuna-60x100x12-impermeable-colecho-corral-,Colchon Cuna 60x100x12 Impermeable Colecho Corral Unicuna,Colchon especializado. Medida 60x100. Color Rosa.,U3388244330,1895,333,true,Color,Rosa,Tamano,60x100,Product,Physical
colchon-cuna-70x105x15-impermeable-colecho-corral-,Colchon Cuna 70x105x15 Impermeable Colecho Corral Unicuna,Colchon especializado. Medida 70x105. Color Rosa.,U3390303437,1955,333,true,Color,Rosa,Tamano,70x105,Product,Physical
colchon-impermeable-cuna-colecho-corral-50x80x10-u,Colchon Impermeable Cuna Colecho Corral 50x80x10 Unicuna,Colchon especializado. Medida 50x80. Color Rosa.,U3375019951,1895,333,true,Color,Rosa,Tamano,50x80,Product,Physical
colchon-de-cuna-memory-foam-60x95x13-blanco-con-ro,Colchon De Cuna Memory Foam 60x95x13 Blanco Con Rosa Incalm,Colchon especializado. Medida 60x95. Color Rosa Claro.,U3492584421,2465,333,true,Color,Rosa Claro,Tamano,60x95,Product,Physical
colchon-memory-form-90x140x15-cuna-colecho-bebe-co,Colchon Memory Form 90x140x15 Cuna Colecho Bebe Con Almohada,Colchon especializado. Medida 90x140. Color Azul Claro.,U3472474621,2655,333,true,Color,Azul Claro,Tamano,90x140,Product,Physical
colchon-cuna-corral-impermeable-70-x-10m-5cm-de-an,Colchon Cuna Corral Impermeable 70 X 10m 5cm De Ancho,Colchon especializado. Medida Estandar. Color Azul Acero.,U819993740,699,329,true,Color,Azul Acero,Tamano,Estandar,Product,Physical
colchon-impermeable-cuna-colecho-corral-70x104x10-,Colchon Impermeable Cuna Colecho Corral 70x104x10 Unicuna,Colchon especializado. Medida 70x104. Color Rosa.,U3379544162,1899,333,true,Color,Rosa,Tamano,70x104,Product,Physical
colchon-70x100x12-para-cuna-colecho-corral-supreme,Colchon 70x100x12 Para Cuna Colecho Corral Supreme Unicuna,Colchon especializado. Medida 70x100. Color Agua.,U3332342738,1890,333,true,Color,Agua,Tamano,70x100,Product,Physical
colchon-memory-form-65x95x13-cuna-colecho-con-almo,Colchon Memory Form 65x95x13 Cuna Colecho Con Almohada Rosa,Colchon especializado. Medida 65x95. Color Rosa Claro.,U3489959615,2115,333,true,Color,Rosa Claro,Tamano,65x95,Product,Physical
colchon-cuna-70x105x10cm-impermeable-colecho-corra,Colchon Cuna 70x105x10cm Impermeable Colecho Corral Unicuna,Colchon especializado. Medida 70x105. Color Azul Claro.,U3412726982,2100,333,true,Color,Azul Claro,Tamano,70x105,Product,Physical
colchon-con-cojin-cuna-corral-colecho-140x90-supre,Colchon Con Cojin Cuna Corral Colecho 140x90 Supreme Azul,Colchon especializado. Medida 140x90. Color Azul Claro.,U3312690042,1650,330,true,Color,Azul Claro,Tamano,140x90,Product,Physical
colchon-65x95x10-cm-para-cuna-corral-colecho-bebe-,Colchon 65x95x10 Cm Para Cuna Corral Colecho Bebe Unicuna,Colchon especializado. Medida 65x95. Color Agua.,U3318592696,1893,333,true,Color,Agua,Tamano,65x95,Product,Physical
colchon-para-cuna-colecho-corral-medidas-70x104x15,Colchon Para Cuna Colecho Corral Medidas 70x104x15 Unicuna,Colchon especializado. Medida 70x104. Color Azul Claro.,U3360759302,1987,333,true,Color,Azul Claro,Tamano,70x104,Product,Physical
colchon-para-cuna-colecho-corral-medidas-70x104x15,Colchon Para Cuna Colecho Corral Medidas 70x104x15 Unicuna,Colchon especializado. Medida 70x104. Color Amarillo.,U3365087126,1899,333,true,Color,Amarillo,Tamano,70x104,Product,Physical
colchon-cuna-corral-colecho-80x120x8-unicuna,Colchon Cuna Corral Colecho 80x120x8 Unicuna,Colchon especializado. Medida 80x1. Color Beige.,U3319580465,1650,328,true,Color,Beige,Tamano,80x1,Product,Physical
colchon-colecho-corral-cuna-65x95x10-unicuna,Colchon Colecho Corral Cuna 65x95x10 Unicuna,Colchon especializado. Medida 65x95. Color Rosa.,U3321206014,1896,333,true,Color,Rosa,Tamano,65x95,Product,Physical
colchon-para-cuna-colecho-corral-60x90x10-unicuna,Colchon Para Cuna Colecho Corral 60x90x10 Unicuna,Colchon especializado. Medida 60x90. Color Azul Claro.,U3331674244,1896,333,true,Color,Azul Claro,Tamano,60x90,Product,Physical
colchon-cuna-50,Colchon Cuna 50,Colchon especializado. Medida Estandar. Color Colchon Cuna 50.,U474778176,850,99999,true,Color,Colchon Cuna 50,Tamano,Estandar,Product,Physical
colchon-impermeable-cuna-colecho-corral-65x95x10-u,Colchon Impermeable Cuna Colecho Corral 65x95x10 Unicuna,Colchon especializado. Medida 65x95. Color Rosa.,U3381474358,1887,333,true,Color,Rosa,Tamano,65x95,Product,Physical
colchon-corral-cuna-colecho-medidas-70-x-110-imper,Colchon Corral Cuna Colecho Medidas 70 X 110 Imperme,Colchon especializado. Medida Estandar. Color Blanco.,U467069713,1199,94,true,Color,Blanco,Tamano,Estandar,Product,Physical
colchon-colecho-50x85x8-impermeable-cuna-corral-un,Colchon Colecho 50x85x8 Impermeable Cuna Corral Unicuna,Colchon especializado. Medida 50x85. Color Azul Claro.,U3406106974,1988,311,true,Color,Azul Claro,Tamano,50x85,Product,Physical
colchon-cuna-60x90x8-impermeable-colecho-corral-un,Colchon Cuna 60x90x8 Impermeable Colecho Corral Unicuna,Colchon especializado. Medida 60x90. Color Azul Claro.,U3401783797,2015,333,true,Color,Azul Claro,Tamano,60x90,Product,Physical
colchon-corral-cuna-colecho-medidas-90-x-140m-impe,Colchon Corral Cuna Colecho Medidas 90 X 140m Imperme,Colchon especializado. Medida Estandar. Color Blanco.,U920554185,1689,117,true,Color,Blanco,Tamano,Estandar,Product,Physical
colchon-cuna-corral-65-x-95-x-12,Colchon Cuna Corral 65 X 95 X 12,Colchon especializado. Medida Estandar. Color Blancovino.,U3053154885,2299,329,true,Color,Blancovino,Tamano,Estandar,Product,Physical
colchon-con-cojin-cuna-corral-colecho-100x70x15-su,Colchon Con Cojin Cuna Corral Colecho 100x70x15 Supreme Azul,Colchon especializado. Medida 100x70. Color Azul Claro.,U3312831642,1780,333,true,Color,Azul Claro,Tamano,100x70,Product,Physical
colchon-colecho-para-cuna-corral-medidas-70x105x12,Colchon Colecho Para Cuna Corral Medidas 70x105x12 Unicuna,Colchon especializado. Medida 70x105. Color Rosa.,U3338822310,1895,333,true,Color,Rosa,Tamano,70x105,Product,Physical
colchon-memory-form-75x105x10-cuna-colecho-incl-al,Colchon Memory Form 75x105x10 Cuna Colecho Incl Almohada,Colchon especializado. Medida 75x105. Color Azul Claro.,U3464001120,2185,333,true,Color,Azul Claro,Tamano,75x105,Product,Physical
colchon-impermeable-70x105x15-cuna-colecho-corral-,Colchon Impermeable 70x105x15 Cuna Colecho Corral Viajera,Colchon especializado. Medida 70x105. Color Azul Claro.,U3419305788,2150,333,true,Color,Azul Claro,Tamano,70x105,Product,Physical
colchon-cuna-90x140x15-impermeable-colecho-corral-,Colchon Cuna 90x140x15 Impermeable Colecho Corral Unicuna,Colchon especializado. Medida 90x140. Color Rosa.,U3401747330,2100,333,true,Color,Rosa,Tamano,90x140,Product,Physical
colchon-cuna-65x95x10-impermeable-colecho-corral-u,Colchon Cuna 65x95x10 Impermeable Colecho Corral Unicuna,Colchon especializado. Medida 65x95. Color Azul Claro.,U3414625546,2100,333,true,Color,Azul Claro,Tamano,65x95,Product,Physical
colchon-con-cojin-cuna-corral-90x60x12-supreme-ros,Colchon Con Cojin Cuna Corral 90x60x12 Supreme Rosa,Colchon especializado. Medida 90x60. Color Rosa Claro.,U3288928756,1100,330,true,Color,Rosa Claro,Tamano,90x60,Product,Physical
colchon-cuna-70x105x12-impermeable-colecho-corral-,Colchon Cuna 70x105x12 Impermeable Colecho Corral Unicuna,Colchon especializado. Medida 70x105. Color Rosa.,U3382010205,1899,333,true,Color,Rosa,Tamano,70x105,Product,Physical
colchon-impermeable-cuna-colecho-corral-70x140x8-u,Colchon Impermeable Cuna Colecho Corral 70x140x8 Unicuna,Colchon especializado. Medida 70x140. Color Rosa.,U3373029095,1887,333,true,Color,Rosa,Tamano,70x140,Product,Physical
colchon-impermeable-cuna-colecho-corral-45x85x10-u,Colchon Impermeable Cuna Colecho Corral 45x85x10 Unicuna,Colchon especializado. Medida 45x85. Color Rosa.,U3385604118,1859,333,true,Color,Rosa,Tamano,45x85,Product,Physical
colchon-corral-cuna-colecho-medidas-70-x-140m-impe,Colchon Corral Cuna Colecho Medidas 70 X 140m Imperme,Colchon especializado. Medida Estandar. Color Blanco.,U705412386,"1331,7",1,true,Color,Blanco,Tamano,Estandar,Product,Physical
colchon-55x95x8-impermeable-cuna-colecho-corral-un,Colchon 55x95x8 Impermeable Cuna Colecho Corral Unicuna,Colchon especializado. Medida 55x95. Color Azul Claro.,U3401681089,2011,333,true,Color,Azul Claro,Tamano,55x95,Product,Physical
colchon-de-cuna-memory-foam-76x110x15-color-blanco,Colchon De Cuna Memory Foam 76x110x15 Color Blanco Con Azul,Colchon especializado. Medida 76x110. Color Azul Claro.,U3475217687,2650,333,true,Color,Azul Claro,Tamano,76x110,Product,Physical
colchon-con-cojin-cuna-corral-colecho-90x60x12-sup,Colchon Con Cojin Cuna Corral Colecho 90x60x12 Supreme Verde,Colchon especializado. Medida 90x60. Color Verde Claro.,U3291759340,1050,330,true,Color,Verde Claro,Tamano,90x60,Product,Physical
colchon-cuna-corral-viajera-60-x-95-m-imperme-mili,Colchon Cuna Corral viajera 60 X 95 M Imperme Militar,Colchon especializado. Medida Estandar. Color Verde.,U929581410,896,92,true,Color,Verde,Tamano,Estandar,Product,Physical
colchon-con-cojin-cuna-corral-100x70x15-supreme-ve,Colchon Con Cojin Cuna Corral 100x70x15 Supreme Verde,Colchon especializado. Medida 100x70. Color Verde Claro.,U3285213057,1550,333,true,Color,Verde Claro,Tamano,100x70,Product,Physical
colchon-memory-form-60x100x15-cuna-colecho-bebe-co,Colchon Memory Form 60x100x15 Cuna Colecho Bebe Con Almohada,Colchon especializado. Medida 60x100. Color Azul Claro.,U3478256410,2620,333,true,Color,Azul Claro,Tamano,60x100,Product,Physical
colchon-cuna-45x85x10-impermeable-colecho-corral-u,Colchon Cuna 45x85x10 Impermeable Colecho Corral Unicuna,Colchon especializado. Medida 45x85. Color Azul Claro.,U3408236997,1988,333,true,Color,Azul Claro,Tamano,45x85,Product,Physical
cojin-colchon-almohada-colecho-corral-cuna-55x45x1,Cojin Colchon Almohada Colecho Corral Cuna 55x45x15,Colchon especializado. Medida 55x45. Color Agua.,U3079510284,489,331,true,Color,Agua,Tamano,55x45,Product,Physical
colchon-cuna-60x100x15-impermeable-colecho-corral-,Colchon Cuna 60x100x15 Impermeable Colecho Corral Unicuna,Colchon especializado. Medida 60x100. Color Rosa.,U3396628712,1999,333,true,Color,Rosa,Tamano,60x100,Product,Physical
almohada-cojin-para-rodillas-y-entrepierna-unicuna,Almohada Cojin Para Rodillas Y Entrepierna Unicuna Premium,Colchon especializado. Medida Estandar. Color Blanco.,U3213005604,580,30,true,Color,Blanco,Tamano,Estandar,Product,Physical
colchon-impermeable-cuna-colecho-corral-50x80x8-un,Colchon Impermeable Cuna Colecho Corral 50x80x8 Unicuna,Colchon especializado. Medida 50x80. Color Rosa.,U3377095940,1988,324,true,Color,Rosa,Tamano,50x80,Product,Physical
colchon-memory-form-50x85x15-cuna-colecho-bebe-con,Colchon Memory Form 50x85x15 Cuna Colecho Bebe Con Almohada,Colchon especializado. Medida 50x85. Color Azul Claro.,U3471377385,2620,333,true,Color,Azul Claro,Tamano,50x85,Product,Physical
colchon-impermeable-60x95x15-cuna-colecho-corral-v,Colchon Impermeable 60x95x15 Cuna Colecho Corral Viajera,Colchon especializado. Medida 60x95. Color Azul Claro.,U3414596807,2011,333,true,Color,Azul Claro,Tamano,60x95,Product,Physical
colchon-memory-50x85x15-cuna-corral-colecho-incl-a,Colchon Memory 50x85x15 Cuna Corral Colecho Incl Almohada,Colchon especializado. Medida 50x85. Color Agua.,U3449012649,2605,330,true,Color,Agua,Tamano,50x85,Product,Physical
colchon-con-cojin-cuna-corral-colecho-140x80-supre,Colchon Con Cojin Cuna Corral Colecho 140x80 Supreme Verde,Colchon especializado. Medida 140x80. Color Verde Claro.,U3291661298,1550,333,true,Color,Verde Claro,Tamano,140x80,Product,Physical
colchon-cuna-70x130x15-impermeable-colecho-corral-,Colchon Cuna 70x130x15 Impermeable Colecho Corral Unicuna,Colchon especializado. Medida 70x130. Color Rosa.,U3397278559,2100,333,true,Color,Rosa,Tamano,70x130,Product,Physical
colchon-con-cojin-cuna-corral-140x80-supreme-rosa,Colchon Con Cojin Cuna Corral 140x80 Supreme Rosa,Colchon especializado. Medida 140x80. Color Rosa Claro.,U3283063971,1450,332,true,Color,Rosa Claro,Tamano,140x80,Product,Physical
colchon-de-cuna-colecho-corral-medidas-50x80x12-un,Colchon De Cuna Colecho Corral Medidas 50x80x12 Unicuna,Colchon especializado. Medida 50x80. Color Azul Claro.,U3343285348,1850,333,true,Color,Azul Claro,Tamano,50x80,Product,Physical
colchon-con-cojin-cuna-corral-110x80x10-supreme-ro,Colchon Con Cojin Cuna Corral 110x80x10 Supreme Rosa,Colchon especializado. Medida 110x80. Color Rosa Claro.,U3290285954,1350,333,true,Color,Rosa Claro,Tamano,110x80,Product,Physical
colchon-cuna-colecho-corral-medidas-60x100x15-unic,Colchon Cuna Colecho Corral Medidas 60x100x15 Unicuna Rosa,Colchon especializado. Medida 60x100. Color Rosa.,U3358407826,1857,333,true,Color,Rosa,Tamano,60x100,Product,Physical
colchon-impermeable-50x80x12-para-cuna-colecho-cor,Colchon Impermeable 50x80x12 Para Cuna Colecho Corralunicuna,Colchon especializado. Medida 50x80. Color Rosa.,U3381761313,1988,330,true,Color,Rosa,Tamano,50x80,Product,Physical
colchon-colecho-corral-cuna-50x85x10-unicuna,Colchon Colecho Corral Cuna 50x85x10 Unicuna,Colchon especializado. Medida 50x85. Color Rosa.,U3315457891,1900,330,true,Color,Rosa,Tamano,50x85,Product,Physical
colchon-impermeable-70x104x12-cuna-colecho-viajera,Colchon Impermeable 70x104x12 Cuna Colecho Viajera Unicuna,Colchon especializado. Medida 70x104. Color Azul Claro.,U3410316071,2155,333,true,Color,Azul Claro,Tamano,70x104,Product,Physical
colchon-cuna-corral-76x110-rosa-unicuna-con-cojin,Colchon Cuna Corral 76x110 Rosa Unicuna Con Cojin,Colchon especializado. Medida 76x1. Color Rosa Palido.,U3284427300,1298,329,true,Color,Rosa Palido,Tamano,76x1,Product,Physical
colchon-cuna-colecho-corral-115m-x-75m,Colchon Cuna Colecho Corral 115m X 75m,Colchon especializado. Medida Estandar. Color Blanco.,U923289210,1233,25,true,Color,Blanco,Tamano,Estandar,Product,Physical
colchon-almohada-postquirurgico-bbl-memory,Colchon Almohada Postquirurgico Bbl Memory,Colchon especializado. Medida Estandar. Color Rosa.,U3832580039,7600,32,true,Color,Rosa,Tamano,Estandar,Product,Physical
colchon-med-90x120x15-cuna-colecho-corral-unicuna,Colchon Med 90x120x15 Cuna Colecho Corral Unicuna,Colchon especializado. Medida 90x120. Color Agua.,U3353260138,1859,333,true,Color,Agua,Tamano,90x120,Product,Physical
colchon-memory-form-70x100x10-cuna-corral-colecho-,Colchon Memory Form 70x100x10 Cuna Corral Colecho Viajera,Colchon especializado. Medida 70x100. Color Azul Claro.,U3460675218,2150,333,true,Color,Azul Claro,Tamano,70x100,Product,Physical
colchones-para-cuna-colecho-corral-medidas-70x110x,Colchones Para Cuna Colecho Corral Medidas 70x110x10 Unicuna,Colchon especializado. Medida 70x110. Color Amarillo.,U3339772109,1859,333,true,Color,Amarillo,Tamano,70x110,Product,Physical
colchon-cuna-colecho-corral-medidas-50x80x15-unicu,Colchon Cuna Colecho Corral Medidas 50x80x15 Unicuna,Colchon especializado. Medida 50x80. Color Agua.,U3344957467,1859,333,true,Color,Agua,Tamano,50x80,Product,Physical
colchon-cuna-55x95x15-impermeable-colecho-corral-u,Colchon Cuna 55x95x15 Impermeable Colecho Corral Unicuna,Colchon especializado. Medida 55x95. Color Rosa.,U3397213585,1985,333,true,Color,Rosa,Tamano,55x95,Product,Physical
colchon-cuna-60x90x12-impermeable-colecho-corral-u,Colchon Cuna 60x90x12 Impermeable Colecho Corral Unicuna,Colchon especializado. Medida 60x90. Color Rosa.,U3392665502,1985,333,true,Color,Rosa,Tamano,60x90,Product,Physical
colchon-supreme-75x110x10-cuna-colecho-corral-unic,Colchon Supreme 75x110x10 Cuna Colecho Corral Unicuna,Colchon especializado. Medida 75x1. Color Crema.,U3402362109,1689,332,true,Color,Crema,Tamano,75x1,Product,Physical
colchon-cuna-colecho-corral-83-x-1-m,Colchon Cuna Colecho Corral 83 X 1 M,Colchon especializado. Medida Estandar. Color Blanco.,U947127663,920,32,true,Color,Blanco,Tamano,Estandar,Product,Physical
colchon-cuna-120x60-unicuna-memory-corral-colecho,Colchon Cuna 120x60 Unicuna Memory Corral Colecho,Colchon especializado. Medida 20x60. Color Agua.,U3515717959,1349,327,true,Color,Agua,Tamano,20x60,Product,Physical
colchon-cuna-bebe-memory-foam-130x70-color-blanco-,Colchon Cuna Bebe Memory Foam 130x70 Color Blanco Con Azul,Colchon especializado. Medida 130x70. Color Azul Claro.,U3479359082,2655,333,true,Color,Azul Claro,Tamano,130x70,Product,Physical
colchon-de-cuna-colecho-corral-medidas-azul70x104x,Colchon De Cuna Colecho Corral Medidas Azul70x104x12 Unicuna,Colchon especializado. Medida 70x104. Color Azul Claro.,U3343278470,1895,333,true,Color,Azul Claro,Tamano,70x104,Product,Physical
colchon-memory-form-49x87x10-cuna-colecho-incl-alm,Colchon Memory Form 49x87x10 Cuna Colecho Incl Almohada,Colchon especializado. Medida 49x87. Color Azul Claro.,U3463857134,2196,333,true,Color,Azul Claro,Tamano,49x87,Product,Physical
colchon-60x100x10-cm-para-colecho-corral-cuna-bebe,Colchon 60x100x10 Cm Para Colecho Corral Cuna Bebe Unicuna,Colchon especializado. Medida 60x100. Color Agua.,U3313005923,1899,333,true,Color,Agua,Tamano,60x100,Product,Physical
colchon-memory-90x120x15-cuna-colecho-corral-incl-,Colchon Memory 90x120x15 Cuna Colecho Corral Incl Almohada,Colchon especializado. Medida 90x120. Color Agua.,U3457988806,2685,333,true,Color,Agua,Tamano,90x120,Product,Physical
colchon-con-cojin-cuna-corral-colecho-viajera-60-x,Colchon Con Cojin Cuna Corral Colecho Viajera 60 X 90 X 12,Colchon especializado. Medida Estandar. Color Blancovino.,U3058471746,1780,294,true,Color,Blancovino,Tamano,Estandar,Product,Physical
colchon-cuna-75x105x15-impermeable-colecho-corral-,Colchon Cuna 75x105x15 Impermeable Colecho Corral Unicuna,Colchon especializado. Medida 75x105. Color Rosa.,U3403645738,2102,333,true,Color,Rosa,Tamano,75x105,Product,Physical
colchon-memory-form-45x85x15-cuna-colecho-bebe-con,Colchon Memory Form 45x85x15 Cuna Colecho Bebe Con Almohada,Colchon especializado. Medida 45x85. Color Azul Claro.,U3472712215,2650,333,true,Color,Azul Claro,Tamano,45x85,Product,Physical
colchon-colecho-60x110x8-impermeable-cuna-corral-u,Colchon Colecho 60x110x8 Impermeable Cuna Corral Unicuna,Colchon especializado. Medida 60x110. Color Azul Claro.,U3401811669,2011,333,true,Color,Azul Claro,Tamano,60x110,Product,Physical
colchon-cuna-colecho-corral-medidas-60x110x15-unic,Colchon Cuna Colecho Corral Medidas 60x110x15 Unicuna,Colchon especializado. Medida 60x110. Color Agua.,U3350899072,1874,332,true,Color,Agua,Tamano,60x110,Product,Physical
colchon-cuna-colecho-corral-medidas-60x110x15-unic,Colchon Cuna Colecho Corral Medidas 60x110x15 Unicuna Rosa,Colchon especializado. Medida 60x110. Color Rosa.,U3352128891,1874,333,true,Color,Rosa,Tamano,60x110,Product,Physical
colchon-impermeable-70x104x12-cuna-colecho-corral-,Colchon Impermeable 70x104x12 Cuna Colecho Corral Unicuna,Colchon especializado. Medida 70x104. Color Rosa.,U3381745483,1985,333,true,Color,Rosa,Tamano,70x104,Product,Physical
colchon-con-cojin-cuna-corral-colecho-60x90-suprem,Colchon Con Cojin Cuna Corral Colecho 60x90 Supreme Rosa,Colchon especializado. Medida 60x90. Color Rosa Claro.,U3287971566,1100,333,true,Color,Rosa Claro,Tamano,60x90,Product,Physical
colchon-con-cojin-cuna-corral-colecho-130x60x10-su,Colchon Con Cojin Cuna Corral Colecho 130x60x10 Supremeverde,Colchon especializado. Medida 130x60. Color Verde Claro.,U3291846368,1550,328,true,Color,Verde Claro,Tamano,130x60,Product,Physical
colchon-con-cojin-cuna-corral-colecho-60x90-suprem,Colchon Con Cojin Cuna Corral Colecho 60x90 Supreme Verde,Colchon especializado. Medida 60x90. Color Verde Claro.,U3288011294,1100,327,true,Color,Verde Claro,Tamano,60x90,Product,Physical
colchon-memory-form-70x110x13-cuna-colecho-inc-alm,Colchon Memory Form 70x110x13 Cuna Colecho Inc Almohada Bebe,Colchon especializado. Medida 70x110. Color Agua.,U3453219778,2190,330,true,Color,Agua,Tamano,70x110,Product,Physical
colchon-colecho-75x105x8-impermeable-cuna-corral-u,Colchon Colecho 75x105x8 Impermeable Cuna Corral Unicuna,Colchon especializado. Medida 75x105. Color Azul Claro.,U3401629469,1999,333,true,Color,Azul Claro,Tamano,75x105,Product,Physical
colchon-para-cuna-colecho-corral-medida-70x105x10-,Colchon Para Cuna Colecho Corral Medida 70x105x10 Unicuna,Colchon especializado. Medida 70x105. Color Azul Claro.,U3325973249,1890,333,true,Color,Azul Claro,Tamano,70x105,Product,Physical
colchon-memory-form-60x95x10-cuna-colecho-con-almo,Colchon Memory Form 60x95x10 Cuna Colecho Con Almohada Rosa,Colchon especializado. Medida 60x95. Color Rosa Claro.,U3491723432,2117,333,true,Color,Rosa Claro,Tamano,60x95,Product,Physical
colchon-corral-cuna-colecho-60-x-95-x-15,Colchon Corral Cuna Colecho 60 X 95 X 15,Colchon especializado. Medida Estandar. Color Blancovino.,U954484211,1579,84,true,Color,Blancovino,Tamano,Estandar,Product,Physical
colchon-de-cuna-colecho-corral-medidas-70x105x12-u,Colchon De Cuna Colecho Corral Medidas 70x105x12 Unicuna,Colchon especializado. Medida 70x105. Color Azul Claro.,U3337445191,1850,330,true,Color,Azul Claro,Tamano,70x105,Product,Physical
colchon-medidas-50x80x12-para-cuna-colecho-corral-,Colchon Medidas 50x80x12 Para Cuna Colecho Corral Unicuna,Colchon especializado. Medida 50x80. Color Agua.,U3334538012,1895,333,true,Color,Agua,Tamano,50x80,Product,Physical
colchon-60x90x10-cm-para-cuna-colecho-corral-unicu,Colchon 60x90x10 Cm Para Cuna Colecho Corral Unicuna,Colchon especializado. Medida 60x90. Color Agua.,U3318665564,1895,333,true,Color,Agua,Tamano,60x90,Product,Physical
colchon-cuna-corral-imper-con-almohada-ros-140-x-9,Colchon Cuna Corral Imper Con Almohada Ros 140 X 90m,Colchon especializado. Medida Estandar. Color Rosa.,U929583270,1476,98,true,Color,Rosa,Tamano,Estandar,Product,Physical
colchon-impermeable-cuna-colecho-corral-60x90x10-u,Colchon Impermeable Cuna Colecho Corral 60x90x10 Unicuna,Colchon especializado. Medida 60x90. Color Rosa.,U3385506536,1899,333,true,Color,Rosa,Tamano,60x90,Product,Physical
colchon-memory-70x104x10-cm-foam-cuna-colecho-corr,Colchon Memory 70x104x10 Cm Foam Cuna Colecho Corral Viajera,Colchon especializado. Medida 70x104. Color Agua.,U3448589114,2105,333,true,Color,Agua,Tamano,70x104,Product,Physical
colchon-memory-form-76x110x13-cm-cuna-colecho-incl,Colchon Memory Form 76x110x13 Cm Cuna Colecho Incl Almohada,Colchon especializado. Medida 76x110. Color Azul Claro.,U3469592353,2605,333,true,Color,Azul Claro,Tamano,76x110,Product,Physical
colchon-impermeable-cuna-colecho-corral-med-45x85x,Colchon Impermeable Cuna Colecho Corral Med 45x85x8 Unicuna,Colchon especializado. Medida 45x85. Color Rosa.,U3373021093,1877,333,true,Color,Rosa,Tamano,45x85,Product,Physical
colchon-memory-form-90x140x13-cuna-colecho-incl-al,Colchon Memory Form 90x140x13 Cuna Colecho Incl Almohada,Colchon especializado. Medida 90x140. Color Agua.,U3446566023,2200,331,true,Color,Agua,Tamano,90x140,Product,Physical
colchon-con-cojin-cuna-corral-105x70-supreme-verde,Colchon Con Cojin Cuna Corral 105x70 Supreme Verde,Colchon especializado. Medida 105x70. Color Verde Claro.,U3286076461,"1013,25",6,true,Color,Verde Claro,Tamano,105x70,Product,Physical
colchon-colecho-60x110x12-impermeable-cuna-corral-,Colchon Colecho 60x110x12 Impermeable Cuna Corral Unicuna,Colchon especializado. Medida 60x110. Color Rosa.,U3386368503,1988,333,true,Color,Rosa,Tamano,60x110,Product,Physical
colchon-cuna-50x85x10-impermeable-colecho-corral-u,Colchon Cuna 50x85x10 Impermeable Colecho Corral Unicuna,Colchon especializado. Medida 50x85. Color Azul Claro.,U3403359151,2010,333,true,Color,Azul Claro,Tamano,50x85,Product,Physical
colchon-cuna-corral-imper-con-almohada-ros-10-x-50,Colchon Cuna Corral Imper Con Almohada Ros 10 X 50 M,Colchon especializado. Medida Estandar. Color Rosa.,U926059859,899,99,true,Color,Rosa,Tamano,Estandar,Product,Physical
colchon-60x110x10-cm-para-cuna-colecho-corral-unic,Colchon 60x110x10 Cm Para Cuna Colecho Corral Unicuna,Colchon especializado. Medida 60x110. Color Agua.,U3312890749,1897,333,true,Color,Agua,Tamano,60x110,Product,Physical
colchon-con-cojin-cuna-corral-colecho-150x95x15-su,Colchon Con Cojin Cuna Corral Colecho 150x95x15 Supreme Azul,Colchon especializado. Medida 150x95. Color Azul Claro.,U3306541963,2100,328,true,Color,Azul Claro,Tamano,150x95,Product,Physical
colchon-impermeable-70x104x15-cuna-colecho-corral-,Colchon Impermeable 70x104x15 Cuna Colecho Corral Viajera,Colchon especializado. Medida 70x104. Color Azul Claro.,U3419171894,2100,333,true,Color,Azul Claro,Tamano,70x104,Product,Physical
colchon-memory-form-70x120x13-cuna-colecho-inc-alm,Colchon Memory Form 70x120x13 Cuna Colecho Inc Almohada Bebe,Colchon especializado. Medida 70x120. Color Agua.,U3446715885,2560,333,true,Color,Agua,Tamano,70x120,Product,Physical
colchon-con-cojin-cuna-corral-colecho-110x70x15-su,Colchon Con Cojin Cuna Corral Colecho 110x70x15 Supreme Azul,Colchon especializado. Medida 110x70. Color Azul Claro.,U3312550634,,333,true,Color,Azul Claro,Tamano,110x70,Product,Physical
colchon-memory-form-104x70x10-cuna-colecho-con-alm,Colchon Memory Form 104x70x10 Cuna Colecho Con Almohada Rosa,Colchon especializado. Medida 104x70. Color Rosa Claro.,U3484657345,2100,333,true,Color,Rosa Claro,Tamano,104x70,Product,Physical
colchon-impermeable-cuna-colecho-corral-70x130x10-,Colchon Impermeable Cuna Colecho Corral 70x130x10 Unicuna,Colchon especializado. Medida 70x130. Color Rosa.,U3385539096,1988,333,true,Color,Rosa,Tamano,70x130,Product,Physical
colchon-cuna-60x95x15-impermeable-colecho-corral-u,Colchon Cuna 60x95x15 Impermeable Colecho Corral Unicuna,Colchon especializado. Medida 60x95. Color Rosa.,U3395129005,1998,333,true,Color,Rosa,Tamano,60x95,Product,Physical
colchon-para-cuna-colecho-corral-medidas-50x85x15-,Colchon Para Cuna Colecho Corral Medidas 50x85x15 Unicuna,Colchon especializado. Medida 50x85. Color Azul Claro.,U3360729060,1987,331,true,Color,Azul Claro,Tamano,50x85,Product,Physical
colchon-para-cuna-colecho-corral-medidas-50x85x15-,Colchon Para Cuna Colecho Corral Medidas 50x85x15 Unicuna,Colchon especializado. Medida 50x85. Color Amarillo.,U3356985817,1988,333,true,Color,Amarillo,Tamano,50x85,Product,Physical
colchon-impermeable-70x100x12-cuna-colecho-corral-,Colchon Impermeable 70x100x12 Cuna Colecho Corral Unicuna,Colchon especializado. Medida 70x100. Color Rosa.,U3387943556,1899,333,true,Color,Rosa,Tamano,70x100,Product,Physical
colchon-para-colecho-cuna-corral-medidas-70x110x12,Colchon Para Colecho Cuna Corral Medidas 70x110x12 Unicuna,Colchon especializado. Medida 70x110. Color Rosa.,U3332934781,1896,333,true,Color,Rosa,Tamano,70x110,Product,Physical
colchon-con-cojin-cuna-corral-colecho-110x60-supre,Colchon Con Cojin Cuna Corral Colecho 110x60 Supreme Verde,Colchon especializado. Medida 110x60. Color Verde Claro.,U3285478377,1050,321,true,Color,Verde Claro,Tamano,110x60,Product,Physical
colchon-cuna-65x95x15-impermeable-colecho-corral-u,Colchon Cuna 65x95x15 Impermeable Colecho Corral Unicuna,Colchon especializado. Medida 65x95. Color Rosa.,U3397226247,2001,333,true,Color,Rosa,Tamano,65x95,Product,Physical
colchon-para-cuna-colecho-corral-medidas-90x120x15,Colchon Para Cuna Colecho Corral Medidas 90x120x15 Unicuna,Colchon especializado. Medida 90x120. Color Azul Claro.,U3362802180,1987,333,true,Color,Azul Claro,Tamano,90x120,Product,Physical
colchon-impermeable-cuna-colecho-corral-76x110x10-,Colchon Impermeable Cuna Colecho Corral 76x110x10 Unicuna,Colchon especializado. Medida 76x110. Color Rosa.,U3375199287,1857,333,true,Color,Rosa,Tamano,76x110,Product,Physical
colchon-con-cojin-cuna-corral-110x80x10-supreme-ve,Colchon Con Cojin Cuna Corral 110x80x10 Supreme Verde,Colchon especializado. Medida 110x80. Color Verde Claro.,U3308885186,1390,333,true,Color,Verde Claro,Tamano,110x80,Product,Physical
colchon-cuna-corral-50x90-unicuna-doble-funda,Colchon Cuna Corral 50x90 Unicuna Doble Funda,Colchon especializado. Medida Estandar. Color Blanco.,U3200734934,1330,37,true,Color,Blanco,Tamano,Estandar,Product,Physical
colchon-con-cojin-cuna-corral-colecho-110x70x15-su,Colchon Con Cojin Cuna Corral Colecho 110x70x15 Supremeverde,Colchon especializado. Medida 110x70. Color Verde Claro.,U3285958095,1650,333,true,Color,Verde Claro,Tamano,110x70,Product,Physical
colchon-corral-cuna-colecho-medidas-87m-x-49m-x-8c,Colchon Corral Cuna Colecho Medidas 87m X 49m X 8cm,Colchon especializado. Medida Estandar. Color Blanco.,U478758732,893,272,true,Color,Blanco,Tamano,Estandar,Product,Physical
colchon-con-cojin-cuna-corral-colecho-120x60x15-su,Colchon Con Cojin Cuna Corral Colecho 120x60x15 Supreme Azul,Colchon especializado. Medida 120x60. Color Azul Claro.,U3306478369,1650,333,true,Color,Azul Claro,Tamano,120x60,Product,Physical
colchon-memory-form-90x140x10-cuna-colecho-incl-al,Colchon Memory Form 90x140x10 Cuna Colecho Incl Almohada,Colchon especializado. Medida 90x140. Color Azul Claro.,U3456677473,2159,332,true,Color,Azul Claro,Tamano,90x140,Product,Physical
colchon-memory-form-60x90x10-cuna-colecho-con-almo,Colchon Memory Form 60x90x10 Cuna Colecho Con Almohada Rosa,Colchon especializado. Medida 60x90. Color Rosa Claro.,U3484235943,2155,329,true,Color,Rosa Claro,Tamano,60x90,Product,Physical
colchon-cuna-corral-60-x-130-x-10,Colchon Cuna Corral 60 X 130 X 10,Colchon especializado. Medida Estandar. Color Blancovino.,U3058225262,2299,329,true,Color,Blancovino,Tamano,Estandar,Product,Physical
colchon-memory-foam-60x90x10-cuna-colecho-corral-v,Colchon Memory Foam 60x90x10 Cuna Colecho Corral Viajera,Colchon especializado. Medida 60x90. Color Agua.,U3448514722,2015,333,true,Color,Agua,Tamano,60x90,Product,Physical
colchon-cuna-corral-75-x-110-x-10,Colchon Cuna Corral 75 X 110 X 10,Colchon especializado. Medida Estandar. Color Blancovino.,U3052867297,1780,315,true,Color,Blancovino,Tamano,Estandar,Product,Physical
colchon-con-cojin-cuna-corral-colecho-110x75x10-su,Colchon Con Cojin Cuna Corral Colecho 110x75x10 Supremeverde,Colchon especializado. Medida 110x75. Color Verde Claro.,U3285441729,1350,324,true,Color,Verde Claro,Tamano,110x75,Product,Physical
colchon-con-cojin-cuna-corral-140x90-supreme-rosa,Colchon Con Cojin Cuna Corral 140x90 Supreme Rosa,Colchon especializado. Medida 140x90. Color Rosa Claro.,U3283044701,,333,true,Color,Rosa Claro,Tamano,140x90,Product,Physical
colchon-con-cojin-cuna-corral-colecho-94x65-suprem,Colchon Con Cojin Cuna Corral Colecho 94x65 Supreme Verde,Colchon especializado. Medida 94x65. Color Verde Claro.,U3306118267,1290,333,true,Color,Verde Claro,Tamano,94x65,Product,Physical
colchon-con-cojin-cuna-corral-viajera-104-x70-unic,Colchon Con Cojin Cuna Corral Viajera 104 X70 Unicu,Colchon especializado. Medida Estandar. Color Blanco.,U489746967,988,326,true,Color,Blanco,Tamano,Estandar,Product,Physical
colchon-cuna-corral-imper-con-almohada-ros-60-x-1-,Colchon Cuna Corral Imper Con Almohada Ros 60 X 1 M,Colchon especializado. Medida Estandar. Color Colchon Cuna Corral Imper Con Almohada Ros 60 X 1 M.,U932850834,999,99,true,Color,Colchon Cuna Corral Imper Con Almohada Ros 60 X 1 M,Tamano,Estandar,Product,Physical
colchon-memory-75x105x10-form-cuna-colecho-corral-,Colchon Memory 75x105x10 Form Cuna Colecho Corral Viejera,Colchon especializado. Medida 75x105. Color Agua.,U3444041553,2150,333,true,Color,Agua,Tamano,75x105,Product,Physical
colchon-con-cojin-cuna-corral-colecho-110x70-supre,Colchon Con Cojin Cuna Corral Colecho 110x70 Supreme Azul,Colchon especializado. Medida 110x70. Color Azul Claro.,U3306361659,1150,331,true,Color,Azul Claro,Tamano,110x70,Product,Physical
colchon-70x110x12-impermeable-cuna-colecho-corral-,Colchon 70x110x12 Impermeable Cuna Colecho Corral Unicuna,Colchon especializado. Medida 70x110. Color Rosa.,U3384049227,1988,333,true,Color,Rosa,Tamano,70x110,Product,Physical
colchon-70x100x10-cm-para-cuna-corral-colecho-unic,Colchon 70x100x10 Cm Para Cuna Corral Colecho Unicuna,Colchon especializado. Medida 70x100. Color Agua.,U3318570080,1890,333,true,Color,Agua,Tamano,70x100,Product,Physical
colchon-unicuna-supreme-cuna-70x100-cm-10-cm-altur,Colchon Unicuna Supreme Cuna 70x100 Cm 10 Cm Altura,Colchon especializado. Medida 70x100. Color Azul Claro.,U3319898243,1899,332,true,Color,Azul Claro,Tamano,70x100,Product,Physical
colchon-con-cojin-cuna-corral-colecho-130x65x10-su,Colchon Con Cojin Cuna Corral Colecho 130x65x10 Supremeverde,Colchon especializado. Medida 130x65. Color Verde Claro.,U3291691878,1650,332,true,Color,Verde Claro,Tamano,130x65,Product,Physical
colchon-con-cojin-de-lactancia-corralcuna-70-x-10-,Colchon Con Cojin De Lactancia Corralcuna 70 X 10 X 15,Colchon especializado. Medida Estandar. Color Blancovino.,U476093506,1899,333,true,Color,Blancovino,Tamano,Estandar,Product,Physical
colchon-cuna-50x85x15-impermeable-colecho-corral-u,Colchon Cuna 50x85x15 Impermeable Colecho Corral Unicuna,Colchon especializado. Medida 50x85. Color Rosa.,U3386447459,2100,333,true,Color,Rosa,Tamano,50x85,Product,Physical
colchon-memory-form-50x85x13-cuna-colecho-con-almo,Colchon Memory Form 50x85x13 Cuna Colecho Con Almohada Rosa,Colchon especializado. Medida 50x85. Color Rosa Claro.,U3490049189,2480,333,true,Color,Rosa Claro,Tamano,50x85,Product,Physical
colchon-medidas-50x85x12-para-cuna-colecho-corral-,Colchon Medidas 50x85x12 Para Cuna Colecho Corral Unicuna,Colchon especializado. Medida 50x85. Color Rosa.,U3336774412,1855,332,true,Color,Rosa,Tamano,50x85,Product,Physical
colchon-medidas-50x85x12-para-cuna-colecho-corral-,Colchon Medidas 50x85x12 Para Cuna Colecho Corral Unicuna,Colchon especializado. Medida 50x85. Color Agua.,U3328478019,1899,333,true,Color,Agua,Tamano,50x85,Product,Physical
colchon-50x85x10-cuna-colecho-corral-amarillo-unic,Colchon 50x85x10 Cuna Colecho Corral Amarillo Unicuna,Colchon especializado. Medida 50x85. Color Amarillo.,U3337742669,1985,333,true,Color,Amarillo,Tamano,50x85,Product,Physical
colchon-memory-60x110x15-cuna-colecho-corral-incl-,Colchon Memory 60x110x15 Cuna Colecho Corral Incl Almohada,Colchon especializado. Medida 60x110. Color Agua.,U3458023874,2650,332,true,Color,Agua,Tamano,60x110,Product,Physical
colchon-cuna-70x100x10-impermeable-colecho-corral-,Colchon Cuna 70x100x10 Impermeable Colecho Corral Unicuna,Colchon especializado. Medida 70x100. Color Azul Claro.,U3401936557,2015,333,true,Color,Azul Claro,Tamano,70x100,Product,Physical
colchon-impermeable-90x120x15-cuna-colecho-corral-,Colchon Impermeable 90x120x15 Cuna Colecho Corral Viajera,Colchon especializado. Medida 90x120. Color Azul Claro.,U3414620199,2300,333,true,Color,Azul Claro,Tamano,90x120,Product,Physical
colchon-medidas-70x104x12-para-cuna-colecho-corral,Colchon Medidas 70x104x12 Para Cuna Colecho Corral Unicuna,Colchon especializado. Medida 70x104. Color Rosa.,U3336780822,1899,333,true,Color,Rosa,Tamano,70x104,Product,Physical
colchon-medidas-70x104x12-para-cuna-colecho-corral,Colchon Medidas 70x104x12 Para Cuna Colecho Corral Unicuna,Colchon especializado. Medida 70x104. Color Amarillo.,U3342509101,1995,333,true,Color,Amarillo,Tamano,70x104,Product,Physical
colchon-medidas-70x104x12-para-cuna-colecho-corral,Colchon Medidas 70x104x12 Para Cuna Colecho Corral Unicuna,Colchon especializado. Medida 70x104. Color Agua.,U3334408698,1895,333,true,Color,Agua,Tamano,70x104,Product,Physical
colchon-memory-90x120x13-cuna-colecho-corral-incl-,Colchon Memory 90x120x13 Cuna Colecho Corral Incl Almohada,Colchon especializado. Medida 90x120. Color Azul Claro.,U3468800733,2455,333,true,Color,Azul Claro,Tamano,90x120,Product,Physical
colchon-memory-foam-60x100x10-cm-cuna-colecho-corr,Colchon Memory Foam 60x100x10 Cm Cuna Colecho Corral Viajera,Colchon especializado. Medida 60x100. Color Agua.,U3448707404,2105,333,true,Color,Agua,Tamano,60x100,Product,Physical
colchon-memory-form-50x80x15-cuna-colecho-bebe-con,Colchon Memory Form 50x80x15 Cuna Colecho Bebe Con Almohada,Colchon especializado. Medida 50x80. Color Azul Claro.,U3478229492,3610,333,true,Color,Azul Claro,Tamano,50x80,Product,Physical
colchon-para-cuna-colecho-corral-medidas-70x110x12,Colchon Para Cuna Colecho Corral Medidas 70x110x12 Unicuna,Colchon especializado. Medida 70x110. Color Amarillo.,U3342734159,1859,332,true,Color,Amarillo,Tamano,70x110,Product,Physical
colchon-para-cuna-colecho-corral-medidas-70x110x12,Colchon Para Cuna Colecho Corral Medidas 70x110x12 Unicuna,Colchon especializado. Medida 70x110. Color Agua.,U3334766396,1850,333,true,Color,Agua,Tamano,70x110,Product,Physical
colchon-cuna-45x85x12-impermeable-corral-colecho-u,Colchon Cuna 45x85x12 Impermeable Corral Colecho Unicuna,Colchon especializado. Medida 45x85. Color Rosa.,U3386382783,1999,333,true,Color,Rosa,Tamano,45x85,Product,Physical
colchon-memory-form-76x110x10-cuna-colecho-con-alm,Colchon Memory Form 76x110x10 Cuna Colecho Con Almohada Rosa,Colchon especializado. Medida 76x110. Color Rosa Claro.,U3487526979,2118,333,true,Color,Rosa Claro,Tamano,76x110,Product,Physical
colchon-65x95x10-cuna-colecho-corral-supreme-unicu,Colchon 65x95x10 Cuna Colecho Corral Supreme Unicuna,Colchon especializado. Medida 65x95. Color Amarillo.,U3343566694,1958,333,true,Color,Amarillo,Tamano,65x95,Product,Physical
colchon-memory-form-70x100x13-cuna-colecho-con-alm,Colchon Memory Form 70x100x13 Cuna Colecho Con Almohada Rosa,Colchon especializado. Medida 70x100. Color Rosa Claro.,U3496440084,2450,333,true,Color,Rosa Claro,Tamano,70x100,Product,Physical
colchon-70x110x10-cm-para-cuna-colecho-corral-bebe,Colchon 70x110x10 Cm Para Cuna Colecho Corral Bebe Unicuna,Colchon especializado. Medida 70x110. Color Agua.,U3321006136,1899,332,true,Color,Agua,Tamano,70x110,Product,Physical
colchon-memory-70x104x13-form-cuna-colecho-corral-,Colchon Memory 70x104x13 Form Cuna Colecho Corral C Almohad,Colchon especializado. Medida 70x104. Color Agua.,U3451066938,2200,333,true,Color,Agua,Tamano,70x104,Product,Physical
colchon-memory-form-60x110x10-cuna-colecho-incl-al,Colchon Memory Form 60x110x10 Cuna Colecho Incl Almohada,Colchon especializado. Medida 60x110. Color Azul Claro.,U3463614442,2156,333,true,Color,Azul Claro,Tamano,60x110,Product,Physical
colchon-75x105x10-cm-para-colecho-corral-cuna-unic,Colchon 75x105x10 Cm Para Colecho Corral Cuna Unicuna,Colchon especializado. Medida 75x105. Color Agua.,U3315220659,1899,333,true,Color,Agua,Tamano,75x105,Product,Physical
colchon-memory-form-60x90x15-cuna-colecho-bebe-con,Colchon Memory Form 60x90x15 Cuna Colecho Bebe Con Almohada,Colchon especializado. Medida 60x90. Color Azul Claro.,U3471360721,2620,333,true,Color,Azul Claro,Tamano,60x90,Product,Physical
colchon-memory-76x11ox15cm-colecho-cuna-corral-inc,Colchon Memory 76x11ox15cm Colecho Cuna Corral Incl Almohada,Colchon especializado. Medida 76x11. Color Agua.,U3451540567,2620,333,true,Color,Agua,Tamano,76x11,Product,Physical
colchon-cuna-70x110x10-impermeable-colecho-corral-,Colchon Cuna 70x110x10 Impermeable Colecho Corral Unicuna,Colchon especializado. Medida 70x110. Color Azul Claro.,U3414541348,2015,333,true,Color,Azul Claro,Tamano,70x110,Product,Physical
colchon-corral-de-cuna-colecho-medidas-60x95x12-un,Colchon Corral De Cuna Colecho Medidas 60x95x12 Unicuna,Colchon especializado. Medida 60x95. Color Azul Claro.,U3343426644,1859,333,true,Color,Azul Claro,Tamano,60x95,Product,Physical
colchon-para-cuna-corral-70-x-140-cm,Colchon Para Cuna Corral 70 X 140 Cm,Colchon especializado. Medida Estandar. Color Blanco.,U487809899,"1044,99",6,true,Color,Blanco,Tamano,Estandar,Product,Physical
colchon-cuna-55x95x12-impermeable-colecho-corral-u,Colchon Cuna 55x95x12 Impermeable Colecho Corral Unicuna,Colchon especializado. Medida 55x95. Color Rosa.,U3384096805,1958,333,true,Color,Rosa,Tamano,55x95,Product,Physical
colchon-memory-form-70x104x15-cuna-colecho-bebe-co,Colchon Memory Form 70x104x15 Cuna Colecho Bebe Con Almohada,Colchon especializado. Medida 70x104. Color Azul Claro.,U3478222080,2658,333,true,Color,Azul Claro,Tamano,70x104,Product,Physical
colchon-almohada-premium-90x70-unicuna-para-bebe,Colchon Almohada Premium 90x70 Unicuna Para Bebe,Colchon especializado. Medida 90x70. Color Blanco.,U3102884373,894,302,true,Color,Blanco,Tamano,90x70,Product,Physical
colchon-cuna-colecho-corral-almohada-50x130,Colchon Cuna Colecho Corral Almohada 50x130,Colchon especializado. Medida 50x1. Color Blanco.,U3115042593,1299,333,true,Color,Blanco,Tamano,50x1,Product,Physical
colchon-memory-form-104x70x13-cuna-colecho-con-alm,Colchon Memory Form 104x70x13 Cuna Colecho Con Almohada Rosa,Colchon especializado. Medida 104x70. Color Rosa Claro.,U3490074807,2487,333,true,Color,Rosa Claro,Tamano,104x70,Product,Physical
colchon-de-cuna-colecho-corral-medidas-75x105x12-u,Colchon De Cuna Colecho Corral Medidas 75x105x12 Unicuna,Colchon especializado. Medida 75x105. Color Azul Claro.,U3337511597,1859,333,true,Color,Azul Claro,Tamano,75x105,Product,Physical
colchon-para-cuna-colecho-corral-medidas-70x110x10,Colchon Para Cuna Colecho Corral Medidas 70x110x10 Unicuna,Colchon especializado. Medida 70x110. Color Azul Claro.,U3331888294,1890,333,true,Color,Azul Claro,Tamano,70x110,Product,Physical
colchon-memory-form-60x110x10-cm-cuna-colecho-incl,Colchon Memory Form 60x110x10 Cm Cuna Colecho Incl Almohada,Colchon especializado. Medida 60x110. Color Azul Claro.,U3460821240,2123,333,true,Color,Azul Claro,Tamano,60x110,Product,Physical
colchon-colecho-cuna-corral-105x70x10-unicuna,Colchon Colecho Cuna Corral 105x70x10 Unicuna,Colchon especializado. Medida 105x70. Color Agua.,U3313031175,1895,330,true,Color,Agua,Tamano,105x70,Product,Physical
colchon-corral-65x95-cuna-corral-colecho-con-cojin,Colchon Corral 65x95 Cuna Corral Colecho Con Cojin,Colchon especializado. Medida 65x95. Color Blanco.,U483839968,899,264,true,Color,Blanco,Tamano,65x95,Product,Physical
colchon-impermeable-50x80x15-cuna-colecho-corral-v,Colchon Impermeable 50x80x15 Cuna Colecho Corral Viajera,Colchon especializado. Medida 50x80. Color Azul Claro.,U3412636129,2100,333,true,Color,Azul Claro,Tamano,50x80,Product,Physical
colchon-con-cojin-cuna-corral-60x1-supreme-verde,Colchon Con Cojin Cuna Corral 60x1 Supreme Verde,Colchon especializado. Medida 60x1. Color Verde Claro.,U3290756914,1050,333,true,Color,Verde Claro,Tamano,60x1,Product,Physical
colchon-cuna-70x104x15-impermeable-colecho-corral-,Colchon Cuna 70x104x15 Impermeable Colecho Corral Unicuna,Colchon especializado. Medida 70x104. Color Rosa.,U3386721587,2015,333,true,Color,Rosa,Tamano,70x104,Product,Physical
colchon-cuna-65x95-corral-colecho-impermeable-con-,Colchon Cuna 65x95 Corral Colecho Impermeable Con Cojin,Colchon especializado. Medida 65x95. Color Blanco.,U711122641,"803,84",30,true,Color,Blanco,Tamano,65x95,Product,Physical
colchon-70x130x8-impermeable-cuna-colecho-corral-u,Colchon 70x130x8 Impermeable Cuna Colecho Corral Unicuna,Colchon especializado. Medida 70x130. Color Azul Claro.,U3401799581,2001,333,true,Color,Azul Claro,Tamano,70x130,Product,Physical
colchon-memory-foam-50x85x10cm-cuna-colecho-corral,Colchon Memory Foam 50x85x10cm Cuna Colecho Corral Almohada,Colchon especializado. Medida 50x85. Color Agua.,U3448537330,1280,297,true,Color,Agua,Tamano,50x85,Product,Physical
colchon-76x110x8-impermeable-cuna-colecho-corral-u,Colchon 76x110x8 Impermeable Cuna Colecho Corral Unicuna,Colchon especializado. Medida 76x110. Color Azul Claro.,U3401671129,2001,333,true,Color,Azul Claro,Tamano,76x110,Product,Physical
colchon-cuna-colecho-corral-medidas-azul-60x110x12,Colchon Cuna Colecho Corral Medidas Azul 60x110x12 Unicuna,Colchon especializado. Medida 60x110. Color Azul Claro.,U3333274823,1850,330,true,Color,Azul Claro,Tamano,60x110,Product,Physical
colchon-cuna-corral-viajera-50-x-1-m-imperme-milit,Colchon Cuna Corral viajera 50 X 1 M Imperme Militar,Colchon especializado. Medida Estandar. Color Verde.,U953695837,893,99,true,Color,Verde,Tamano,Estandar,Product,Physical
colchon-cuna-corral-colecho-75x105x10-unicuna,Colchon Cuna Corral Colecho 75x105x10 Unicuna,Colchon especializado. Medida 75x105. Color Rosa.,U3321711226,1890,332,true,Color,Rosa,Tamano,75x105,Product,Physical
colchon-70x100x12-para-cuna-colecho-corral-unicuna,Colchon 70x100x12 Para Cuna Colecho Corral Unicuna Supreme,Colchon especializado. Medida 70x100. Color Amarillo.,U3339975395,1895,333,true,Color,Amarillo,Tamano,70x100,Product,Physical
colchon-corral-55x95-cunacolecho-unicuna-supreme,Colchon Corral 55x95 Cunacolecho Unicuna Supreme,Colchon especializado. Medida 55x95. Color Blanco.,U482304129,896,324,true,Color,Blanco,Tamano,55x95,Product,Physical
colchon-cuna-colecho-corral-medidas-75x105x15-unic,Colchon Cuna Colecho Corral Medidas 75x105x15 Unicuna,Colchon especializado. Medida 75x105. Color Agua.,U3347338675,1859,333,true,Color,Agua,Tamano,75x105,Product,Physical
colchon-impermeable-60x100x15-cuna-colecho-corral-,Colchon Impermeable 60x100x15 Cuna Colecho Corral Viajera,Colchon especializado. Medida 60x100. Color Azul Claro.,U3412728345,2100,333,true,Color,Azul Claro,Tamano,60x100,Product,Physical
colchon-con-cojin-de-lactancia-corralcuna60-x-10-x,Colchon Con Cojin De Lactancia Corralcuna60 X 10 X10,Colchon especializado. Medida Estandar. Color Blancovino.,U472334940,1110,318,true,Color,Blancovino,Tamano,Estandar,Product,Physical
colchon-cuna-70x140x15-impermeable-colecho-corral-,Colchon Cuna 70x140x15 Impermeable Colecho Corral Unicuna,Colchon especializado. Medida 70x140. Color Rosa.,U3403779138,2200,332,true,Color,Rosa,Tamano,70x140,Product,Physical
colchon-corral-cuna-colecho-60-x-10-x-15,Colchon Corral Cuna Colecho 60 X 10 X 15,Colchon especializado. Medida Estandar. Color Colchon Corral Cuna Colecho 60 X 10 X 15.,U933420266,1460,88,true,Color,Colchon Corral Cuna Colecho 60 X 10 X 15,Tamano,Estandar,Product,Physical
colchon-memory-form-70x120x10-cuna-colecho-incl-al,Colchon Memory Form 70x120x10 Cuna Colecho Incl Almohada,Colchon especializado. Medida 70x120. Color Azul Claro.,U3456901143,2155,333,true,Color,Azul Claro,Tamano,70x120,Product,Physical
colchon-75x105x12-cuna-colecho-corral-viajera-unic,Colchon 75x105x12 Cuna Colecho Corral Viajera Unicuna,Colchon especializado. Medida 75x105. Color Agua.,U3328879127,1856,333,true,Color,Agua,Tamano,75x105,Product,Physical
colchon-75x105x12-cuna-colecho-corral-viajera-unic,Colchon 75x105x12 Cuna Colecho Corral Viajera Unicuna,Colchon especializado. Medida 75x105. Color Amarillo.,U3344734175,1854,333,true,Color,Amarillo,Tamano,75x105,Product,Physical
colchon-antireflujo-corral-viajera-colecho-65x-95m,Colchon Antireflujo Corral Viajera Colecho 65x 95m X 15,Colchon especializado. Medida Estandar. Color Blanco.,U490012291,998,331,true,Color,Blanco,Tamano,Estandar,Product,Physical
colchon-70x140x12-impermeable-cuna-colecho-corral-,Colchon 70x140x12 Impermeable Cuna Colecho Corral Unicuna,Colchon especializado. Medida 70x140. Color Rosa.,U3386397571,2010,333,true,Color,Rosa,Tamano,70x140,Product,Physical
colchon-impermeable-75x105x15-cuna-colecho-corral-,Colchon Impermeable 75x105x15 Cuna Colecho Corral Viajera,Colchon especializado. Medida 75x105. Color Azul Claro.,U3414642893,2100,333,true,Color,Azul Claro,Tamano,75x105,Product,Physical
colchon-65x95x8-impermeable-cuna-colecho-corral-un,Colchon 65x95x8 Impermeable Cuna Colecho Corral Unicuna,Colchon especializado. Medida 65x95. Color Rosa.,U3379056706,1988,331,true,Color,Rosa,Tamano,65x95,Product,Physical
colchon-cuna-60x100x10cm-impermeable-colecho-corra,Colchon Cuna 60x100x10cm Impermeable Colecho Corral Unicuna,Colchon especializado. Medida 60x100. Color Azul Claro.,U3412541558,1999,333,true,Color,Azul Claro,Tamano,60x100,Product,Physical
colchon-memory-50x80x13-form-cuna-colecho-corral-c,Colchon Memory 50x80x13 Form Cuna Colecho Corral C Almohad,Colchon especializado. Medida 50x80. Color Agua.,U3451135990,2200,333,true,Color,Agua,Tamano,50x80,Product,Physical
colchon-para-cuna-colecho-corral-medidas-45x85x15-,Colchon Para Cuna Colecho Corral Medidas 45x85x15 Unicuna,Colchon especializado. Medida 45x85. Color Rosa.,U3360584334,1874,333,true,Color,Rosa,Tamano,45x85,Product,Physical
colchon-para-cuna-colecho-corral-medidas-45x85x15-,Colchon Para Cuna Colecho Corral Medidas 45x85x15 Unicuna,Colchon especializado. Medida 45x85. Color Azul Claro.,U3356760091,1899,333,true,Color,Azul Claro,Tamano,45x85,Product,Physical
colchon-70x100-unicuna-memory-colechocunacorral,Colchon 70x100 Unicuna Memory Colechocunacorral,Colchon especializado. Medida 70x100. Color Agua.,U3398022785,1279,315,true,Color,Agua,Tamano,70x100,Product,Physical
colchon-corral-cuna-colecho-50-x-85-x-15,Colchon Corral Cuna Colecho 50 X 85 X 15,Colchon especializado. Medida Estandar. Color Colchon Corral Cuna Colecho 50 X 85 X 15.,U476335775,1799,92,true,Color,Colchon Corral Cuna Colecho 50 X 85 X 15,Tamano,Estandar,Product,Physical
colchon-cuna-memory-foam-75x105x13-blanco-con-rosa,Colchon Cuna Memory Foam 75x105x13 Blanco Con Rosa Incl Alm,Colchon especializado. Medida 75x105. Color Rosa Claro.,U3502062304,2475,333,true,Color,Rosa Claro,Tamano,75x105,Product,Physical
colchon-cuna-corral-viajera-70-x-1-m-imperme-milit,Colchon Cuna Corral viajera 70 X 1 M Imperme Militar,Colchon especializado. Medida Estandar. Color Verde.,U492384640,899,80,true,Color,Verde,Tamano,Estandar,Product,Physical
colchon-cuna-corral-colecho-con-cojin-70x1m-azul-u,Colchon Cuna Corral Colecho Con Cojin 70x1m Azul Unicuna Su,Colchon especializado. Medida 70x1. Color Azul Claro.,U3293156709,1200,333,true,Color,Azul Claro,Tamano,70x1,Product,Physical
colchon-memory-50x85x13-form-cuna-colecho-incl-alm,Colchon Memory 50x85x13 Form Cuna Colecho Incl Almohada,Colchon especializado. Medida 50x85. Color Azul Claro.,U3466791230,2425,333,true,Color,Azul Claro,Tamano,50x85,Product,Physical
colchon-con-almohada-para-cunacorralcolecho-60-x-9,Colchon Con Almohada Para Cunacorralcolecho 60 X 95m,Colchon especializado. Medida Estandar. Color Blanco.,U947141245,"861,74",5,true,Color,Blanco,Tamano,Estandar,Product,Physical
colchon-para-cuna-colecho-viajera-medidas-70-x-90m,Colchon Para Cuna Colecho Viajera Medidas 70 X 90m,Colchon especializado. Medida Estandar. Color Blanco.,U489765591,896,326,true,Color,Blanco,Tamano,Estandar,Product,Physical
colchon-con-cojin-cuna-corral-colecho-130x60x10-su,Colchon Con Cojin Cuna Corral Colecho 130x60x10 Supreme Azul,Colchon especializado. Medida 130x60. Color Azul Claro.,U3312491602,1450,328,true,Color,Azul Claro,Tamano,130x60,Product,Physical
colchon-impermeable-cuna-colecho-corral-70x100x10-,Colchon Impermeable Cuna Colecho Corral 70x100x10 Unicuna,Colchon especializado. Medida 70x100. Color Rosa.,U3373045695,1895,333,true,Color,Rosa,Tamano,70x100,Product,Physical
colchon-memory-90x140x15-cuna-corral-colecho-incl-,Colchon Memory 90x140x15 Cuna Corral Colecho Incl Almohada,Colchon especializado. Medida 90x140. Color Agua.,U3449967983,2570,332,true,Color,Agua,Tamano,90x140,Product,Physical
colchon-cuna-colecho-corral-medidas-65x95x15-unicu,Colchon Cuna Colecho Corral Medidas 65x95x15 Unicuna Rosa,Colchon especializado. Medida 65x95. Color Rosa.,U3358124530,1875,333,true,Color,Rosa,Tamano,65x95,Product,Physical
colchon-impermeable-para-cuna-colecho-corral-50x85,Colchon Impermeable Para Cuna Colecho Corral 50x85x8 Unicuna,Colchon especializado. Medida 50x85. Color Rosa.,U3377036612,1899,318,true,Color,Rosa,Tamano,50x85,Product,Physical
colchon-cuna-colecho-corral-medidas-90x140x15-unic,Colchon Cuna Colecho Corral Medidas 90x140x15 Unicuna Rosa,Colchon especializado. Medida 90x140. Color Rosa.,U3352469245,1874,333,true,Color,Rosa,Tamano,90x140,Product,Physical
colchon-colecho-cuna-corral-60x95x10-unicuna,Colchon Colecho Cuna Corral 60x95x10 Unicuna,Colchon especializado. Medida 60x95. Color Agua.,U3318914384,1895,333,true,Color,Agua,Tamano,60x95,Product,Physical
colchon-memory-form-60x100x13-cuna-colecho-incl-al,Colchon Memory Form 60x100x13 Cuna Colecho Incl Almohada,Colchon especializado. Medida 60x100. Color Azul Claro.,U3466884213,2605,333,true,Color,Azul Claro,Tamano,60x100,Product,Physical
colchon-cuna-70x110x15-impermeable-colecho-corral-,Colchon Cuna 70x110x15 Impermeable Colecho Corral Unicuna,Colchon especializado. Medida 70x110. Color Rosa.,U3401723784,1988,333,true,Color,Rosa,Tamano,70x110,Product,Physical
colchon-con-cojin-cuna-corral-colecho-76x110-supre,Colchon Con Cojin Cuna Corral Colecho 76x110 Supreme Azul,Colchon especializado. Medida 76x110. Color Azul Claro.,U3307010963,1300,333,true,Color,Azul Claro,Tamano,76x110,Product,Physical
colchon-cuna-corral-colecho-60x100x10-unicuna,Colchon Cuna Corral Colecho 60x100x10 Unicuna,Colchon especializado. Medida 60x100. Color Rosa.,U3321573570,1890,331,true,Color,Rosa,Tamano,60x100,Product,Physical
colchon-con-cojin-cuna-corral-95x65x12-supreme-ros,Colchon Con Cojin Cuna Corral 95x65x12 Supreme Rosa,Colchon especializado. Medida 95x65. Color Rosa Claro.,U3283181193,1200,331,true,Color,Rosa Claro,Tamano,95x65,Product,Physical
colchon-memory-70x100x13-form-cuna-colecho-incl-al,Colchon Memory 70x100x13 Form Cuna Colecho Incl Almohad,Colchon especializado. Medida 70x100. Color Azul Claro.,U3459866039,2150,330,true,Color,Azul Claro,Tamano,70x100,Product,Physical
colchon-memory-60x100x13-form-cuna-colecho-corral-,Colchon Memory 60x100x13 Form Cuna Colecho Corral C Almohad,Colchon especializado. Medida 60x100. Color Agua.,U3444441203,2200,333,true,Color,Agua,Tamano,60x100,Product,Physical
colchon-para-cuna-corral-viajera-medidas-110m-x-56,Colchon Para Cuna Corral Viajera Medidas 110m X 56m,Colchon especializado. Medida Estandar. Color Blanco.,U492023936,913,316,true,Color,Blanco,Tamano,Estandar,Product,Physical
colchon-con-cojin-cuna-corral-105x70-supreme-rosa,Colchon Con Cojin Cuna Corral 105x70 Supreme Rosa,Colchon especializado. Medida 105x70. Color Rosa Claro.,U3290262078,1100,324,true,Color,Rosa Claro,Tamano,105x70,Product,Physical
colchon-cuna-76x110x15-impermeable-colecho-corral-,Colchon Cuna 76x110x15 Impermeable Colecho Corral Unicuna,Colchon especializado. Medida 76x110. Color Rosa.,U3397192977,2122,333,true,Color,Rosa,Tamano,76x110,Product,Physical
colchon-de-cuna-corral-colecho-medidas-70x110x12-u,Colchon De Cuna Corral Colecho Medidas 70x110x12 Unicuna,Colchon especializado. Medida 70x110. Color Azul Claro.,U3337471103,1855,333,true,Color,Azul Claro,Tamano,70x110,Product,Physical
colchon-con-cojin-cuna-corral-130x60x10-supreme-ro,Colchon Con Cojin Cuna Corral 130x60x10 Supreme Rosa,Colchon especializado. Medida 130x60. Color Rosa Claro.,U3289016448,1450,320,true,Color,Rosa Claro,Tamano,130x60,Product,Physical
colchon-impermeable-50x85x12cuna-colecho-corral-un,Colchon Impermeable 50x85x12cuna Colecho Corral Unicuna,Colchon especializado. Medida 50x85. Color Rosa.,U3387964630,1955,333,true,Color,Rosa,Tamano,50x85,Product,Physical
cojin-colchon-antireflujo-unicuna-baby-55x45x15,Cojin Colchon Antireflujo Unicuna Baby 55x45x15,Colchon especializado. Medida 55x45. Color Crema.,U3074522317,490,319,true,Color,Crema,Tamano,55x45,Product,Physical
colchon-con-cojin-cuna-corral-colecho-90x50-suprem,Colchon Con Cojin Cuna Corral Colecho 90x50 Supreme Azul,Colchon especializado. Medida 90x50. Color Azul Claro.,U3306759971,1050,320,true,Color,Azul Claro,Tamano,90x50,Product,Physical
colchon-memory-75x105x13-cuna-colecho-corral-incl-,Colchon Memory 75x105x13 Cuna Colecho Corral Incl Almohada,Colchon especializado. Medida 75x105. Color Azul Claro.,U3476388170,2580,333,true,Color,Azul Claro,Tamano,75x105,Product,Physical
colchon-con-cojin-cuna-corral-110x50-supreme-verde,Colchon Con Cojin Cuna Corral 110x50 Supreme Verde,Colchon especializado. Medida 110x50. Color Verde Claro.,U3291863994,1050,333,true,Color,Verde Claro,Tamano,110x50,Product,Physical
colchon-60x100x12-colecho-cuna-corral-azul-unicuna,Colchon 60x100x12 Colecho Cuna Corral Azul Unicuna,Colchon especializado. Medida 60x100. Color Azul Claro.,U3337337365,1895,333,true,Color,Azul Claro,Tamano,60x100,Product,Physical
colchon-cuna-corral-colecho-65x95-con-cojin-de-lac,Colchon Cuna Corral Colecho 65x95 Con Cojin De Lactancia Ver,Colchon especializado. Medida 65x95. Color Agua.,U3273527733,1780,329,true,Color,Agua,Tamano,65x95,Product,Physical
colchon-med-70x120x15-cuna-colecho-corral-viajera-,Colchon Med 70x120x15 Cuna Colecho Corral Viajera Unicuna,Colchon especializado. Medida 70x120. Color Amarillo.,U3376830582,1955,330,true,Color,Amarillo,Tamano,70x120,Product,Physical
colchon-cuna-corral-imper-con-almohada-ros-65-x-90,Colchon Cuna Corral Imper Con Almohada Ros 65 X 90 M,Colchon especializado. Medida Estandar. Color Rosa.,U929584672,889,96,true,Color,Rosa,Tamano,Estandar,Product,Physical
colchon-cuna-70x120x15-impermeable-colecho-corral-,Colchon Cuna 70x120x15 Impermeable Colecho Corral Unicuna,Colchon especializado. Medida 70x120. Color Rosa.,U3397175737,2100,330,true,Color,Rosa,Tamano,70x120,Product,Physical
colchon-memory-foam-para-cuna-90x140x13-blanco-con,Colchon Memory Foam Para Cuna 90x140x13 Blanco Con Rosa,Colchon especializado. Medida 90x140. Color Rosa Claro.,U3499609598,2476,327,true,Color,Rosa Claro,Tamano,90x140,Product,Physical
colchon-con-cojin-cuna-corral-94x65-supreme-rosa,Colchon Con Cojin Cuna Corral 94x65 Supreme Rosa,Colchon especializado. Medida 94x65. Color Rosa Claro.,U3284627747,1250,332,true,Color,Rosa Claro,Tamano,94x65,Product,Physical
colchon-med-60x95x15-para-cuna-colecho-corral-unic,Colchon Med 60x95x15 Para Cuna Colecho Corral Unicuna,Colchon especializado. Medida 60x95. Color Agua.,U3351054888,1875,333,true,Color,Agua,Tamano,60x95,Product,Physical
colchon-con-cojin-cuna-corral-colecho-90x50-suprem,Colchon Con Cojin Cuna Corral Colecho 90x50 Supreme Verde,Colchon especializado. Medida 90x50. Color Verde Claro.,U3285920267,1050,321,true,Color,Verde Claro,Tamano,90x50,Product,Physical
colchon-con-cojin-corral-cuna-130x65x10-supreme-ro,Colchon Con Cojin Corral Cuna 130x65x10 Supreme Rosa,Colchon especializado. Medida 130x65. Color Rosa Claro.,U3283076271,1650,332,true,Color,Rosa Claro,Tamano,130x65,Product,Physical
colchon-memory-form-70x110x10cm-cuna-colecho-corra,Colchon Memory Form 70x110x10cm Cuna Colecho Corral Viajera,Colchon especializado. Medida 70x110. Color Agua.,U3448745084,1289,322,true,Color,Agua,Tamano,70x110,Product,Physical
colchon-memory-60x90x10cm-cuna-colecho-corral-incl,Colchon Memory 60x90x10cm Cuna Colecho Corral Incl Almohada,Colchon especializado. Medida 60x90. Color Azul Claro.,U3454011969,2160,333,true,Color,Azul Claro,Tamano,60x90,Product,Physical
colchon-impermeable-cuna-colecho-corral-76x110x8-u,Colchon Impermeable Cuna Colecho Corral 76x110x8 Unicuna,Colchon especializado. Medida 76x110. Color Rosa.,U3377256552,1988,331,true,Color,Rosa,Tamano,76x110,Product,Physical
colchon-impermeable-cuna-colecho-corral-50x85x10-u,Colchon Impermeable Cuna Colecho Corral 50x85x10 Unicuna,Colchon especializado. Medida 50x85. Color Rosa.,U3373110285,1895,333,true,Color,Rosa,Tamano,50x85,Product,Physical
colchon-para-cuna-colecho-corral-medidas-60x90x12-,Colchon Para Cuna Colecho Corral Medidas 60x90x12 Unicuna,Colchon especializado. Medida 60x90. Color Rosa.,U3330834341,1895,331,true,Color,Rosa,Tamano,60x90,Product,Physical
colchon-para-cuna-colecho-corral-medidas-60x90x12-,Colchon Para Cuna Colecho Corral Medidas 60x90x12 Unicuna,Colchon especializado. Medida 60x90. Color Agua.,U3328463613,1899,333,true,Color,Agua,Tamano,60x90,Product,Physical
colchon-memory-form-76x110x10-cuna-colecho-incl-al,Colchon Memory Form 76x110x10 Cuna Colecho Incl Almohada,Colchon especializado. Medida 76x110. Color Azul Claro.,U3466379348,2178,333,true,Color,Azul Claro,Tamano,76x110,Product,Physical
colchon-para-cuna-colecho-45x85x10-unicuna,Colchon Para Cuna Colecho 45x85x10 Unicuna,Colchon especializado. Medida 45x85. Color Rosa.,U3319838061,1899,333,true,Color,Rosa,Tamano,45x85,Product,Physical
colchon-cuna-corral-colecho-65x95-azul-unicuna-sup,Colchon Cuna Corral Colecho 65x95 Azul Unicuna Supreme,Colchon especializado. Medida 65x95. Color Azul Claro.,U3299041064,1279,331,true,Color,Azul Claro,Tamano,65x95,Product,Physical
colchon-memory-form-60x110x15-cuna-colecho-bebe-co,Colchon Memory Form 60x110x15 Cuna Colecho Bebe Con Almohada,Colchon especializado. Medida 60x110. Color Azul Claro.,U3472524309,2659,333,true,Color,Azul Claro,Tamano,60x110,Product,Physical
colchon-memory-form-70x110x15-cuna-colecho-bebe-co,Colchon Memory Form 70x110x15 Cuna Colecho Bebe Con Almohada,Colchon especializado. Medida 70x110. Color Azul Claro.,U3472417703,2670,333,true,Color,Azul Claro,Tamano,70x110,Product,Physical
colchon-cuna-colecho-corral-medidas-65x95x15-unicu,Colchon Cuna Colecho Corral Medidas 65x95x15 Unicuna,Colchon especializado. Medida 65x95. Color Agua.,U3344847023,1854,333,true,Color,Agua,Tamano,65x95,Product,Physical
colchon-corral-cuna-colecho-medidas-120-x-60m-impe,Colchon Corral Cuna Colecho Medidas 120 X 60m Imperme,Colchon especializado. Medida Estandar. Color Blanco.,U711655601,1233,118,true,Color,Blanco,Tamano,Estandar,Product,Physical
colchon-cuna-corral-64-x-96-x-10,Colchon Cuna Corral 64 X 96 X 10,Colchon especializado. Medida Estandar. Color Blancovino.,U3058243136,1780,330,true,Color,Blancovino,Tamano,Estandar,Product,Physical
colchon-con-cojin-cuna-corral-colecho-110x75x10-su,Colchon Con Cojin Cuna Corral Colecho 110x75x10 Supreme Azul,Colchon especializado. Medida 110x75. Color Azul Claro.,U3306898575,1400,331,true,Color,Azul Claro,Tamano,110x75,Product,Physical
colchon-memory-form-105x70x10-cuna-colecho-con-alm,Colchon Memory Form 105x70x10 Cuna Colecho Con Almohada Rosa,Colchon especializado. Medida 105x70. Color Rosa Claro.,U3491690548,2116,333,true,Color,Rosa Claro,Tamano,105x70,Product,Physical
colchon-para-cuna-colecho-corral-65x95x10-unicuna,Colchon Para Cuna Colecho Corral 65x95x10 Unicuna,Colchon especializado. Medida 65x95. Color Azul Claro.,U3320111835,1899,332,true,Color,Azul Claro,Tamano,65x95,Product,Physical
colchon-para-cuna-colecho-corral-medidas-60x110x15,Colchon Para Cuna Colecho Corral Medidas 60x110x15 Unicuna,Colchon especializado. Medida 60x110. Color Azul Claro.,U3354699853,1898,330,true,Color,Azul Claro,Tamano,60x110,Product,Physical
colchon-para-cuna-colecho-corral-medidas-60x110x15,Colchon Para Cuna Colecho Corral Medidas 60x110x15 Unicuna,Colchon especializado. Medida 60x110. Color Amarillo.,U3357006593,1988,333,true,Color,Amarillo,Tamano,60x110,Product,Physical
colchon-cuna-90x120x12-impermeable-colecho-corral-,Colchon Cuna 90x120x12 Impermeable Colecho Corral Unicuna,Colchon especializado. Medida 90x120. Color Rosa.,U3397156093,2155,333,true,Color,Rosa,Tamano,90x120,Product,Physical
colchon-cuna-60x110x10-impermeable-colecho-corral-,Colchon Cuna 60x110x10 Impermeable Colecho Corral Unicuna,Colchon especializado. Medida 60x110. Color Azul Claro.,U3405948109,2100,333,true,Color,Azul Claro,Tamano,60x110,Product,Physical
colchon-memory-foam-50x80x10-cm-cuna-colecho-corra,Colchon Memory Foam 50x80x10 Cm Cuna Colecho Corral Viajera,Colchon especializado. Medida 50x80. Color Agua.,U3441979585,2015,333,true,Color,Agua,Tamano,50x80,Product,Physical
colchon-memory-form-65x95x10-cuna-colecho-corral-c,Colchon Memory Form 65x95x10 Cuna Colecho Corral Con Almohad,Colchon especializado. Medida 65x95. Color Rosa Claro.,U3491092636,2150,324,true,Color,Rosa Claro,Tamano,65x95,Product,Physical
colchon-impermeable-cuna-colecho-corral-70x140x10-,Colchon Impermeable Cuna Colecho Corral 70x140x10 Unicuna,Colchon especializado. Medida 70x140. Color Rosa.,U3385629550,1988,332,true,Color,Rosa,Tamano,70x140,Product,Physical
colchon-con-cojin-cuna-corral-130x75x10-supreme-ro,Colchon Con Cojin Cuna Corral 130x75x10 Supreme Rosa,Colchon especializado. Medida 130x75. Color Rosa Claro.,U3290417852,1650,333,true,Color,Rosa Claro,Tamano,130x75,Product,Physical
colchon-impermeable-cuna-colecho-corral-70x105x8-u,Colchon Impermeable Cuna Colecho Corral 70x105x8 Unicuna,Colchon especializado. Medida 70x105. Color Rosa.,U3370989521,1988,333,true,Color,Rosa,Tamano,70x105,Product,Physical
colchon-med-60x95x12-para-cuna-colecho-corral-unic,Colchon Med 60x95x12 Para Cuna Colecho Corral Unicuna,Colchon especializado. Medida 60x95. Color Rosa.,U3338854214,1890,333,true,Color,Rosa,Tamano,60x95,Product,Physical
colchon-med-60x95x12-para-cuna-colecho-corral-unic,Colchon Med 60x95x12 Para Cuna Colecho Corral Unicuna,Colchon especializado. Medida 60x95. Color Amarillo.,U3342679893,1905,333,true,Color,Amarillo,Tamano,60x95,Product,Physical
colchon-memory-form-70x120x15-cuna-colecho-bebe-co,Colchon Memory Form 70x120x15 Cuna Colecho Bebe Con Almohada,Colchon especializado. Medida 70x120. Color Azul Claro.,U3472721841,2650,333,true,Color,Azul Claro,Tamano,70x120,Product,Physical
colchones-para-cuna-colecho-corral-medidas-75x105x,Colchones Para Cuna Colecho Corral Medidas 75x105x10 Unicuna,Colchon especializado. Medida 75x105. Color Amarillo.,U3345898524,1895,333,true,Color,Amarillo,Tamano,75x105,Product,Physical
colchon-medidas-60x110x12-para-cuna-colecho-corral,Colchon Medidas 60x110x12 Para Cuna Colecho Corral Unicuna,Colchon especializado. Medida 60x110. Color Agua.,U3334397146,1890,333,true,Color,Agua,Tamano,60x110,Product,Physical
colchon-con-cojin-cuna-corral-130x75x10-supreme-ve,Colchon Con Cojin Cuna Corral 130x75x10 Supreme Verde,Colchon especializado. Medida 130x75. Color Verde Claro.,U3306090807,1650,332,true,Color,Verde Claro,Tamano,130x75,Product,Physical
colchon-memory-form-50x80x10-cuna-colecho-con-almo,Colchon Memory Form 50x80x10 Cuna Colecho Con Almohada Rosa,Colchon especializado. Medida 50x80. Color Rosa Claro.,U3484695825,2113,333,true,Color,Rosa Claro,Tamano,50x80,Product,Physical
colchon-memory-form-60x110x15-cuna-colecho-bebe-co,Colchon Memory Form 60x110x15 Cuna Colecho Bebe Con Almohada,Colchon especializado. Medida 60x110. Color Azul Claro.,U3478202976,2622,333,true,Color,Azul Claro,Tamano,60x110,Product,Physical
colchon-memory-form-60x100x10-cuna-colecho-con-alm,Colchon Memory Form 60x100x10 Cuna Colecho Con Almohada Rosa,Colchon especializado. Medida 60x100. Color Rosa Claro.,U3484780105,2115,333,true,Color,Rosa Claro,Tamano,60x100,Product,Physical
colchon-cuna-impermeable-65x95x15-colecho-corral-v,Colchon Cuna Impermeable 65x95x15 Colecho Corral Viajera,Colchon especializado. Medida 65x95. Color Azul Claro.,U3421392702,1998,331,true,Color,Azul Claro,Tamano,65x95,Product,Physical
colchon-impermeable-cuna-colecho-corral-76x110x8-u,Colchon Impermeable Cuna Colecho Corral 76x110x8 Unicuna,Colchon especializado. Medida 76x110. Color Rosa.,U3372914661,1988,333,true,Color,Rosa,Tamano,76x110,Product,Physical
colchon-de-cuna-colecho-corral-medidas-70x100x12-u,Colchon De Cuna Colecho Corral Medidas 70x100x12 Unicuna,Colchon especializado. Medida 70x100. Color Azul Claro.,U3333102735,1899,333,true,Color,Azul Claro,Tamano,70x100,Product,Physical
colchon-impermeable-60x110x12-cuna-colecho-viajera,Colchon Impermeable 60x110x12 Cuna Colecho Viajera Unicuna,Colchon especializado. Medida 60x110. Color Azul Claro.,U3410285557,2100,333,true,Color,Azul Claro,Tamano,60x110,Product,Physical
colchon-memory-60x90x15-cuna-corral-colecho-incl-a,Colchon Memory 60x90x15 Cuna Corral Colecho Incl Almohada,Colchon especializado. Medida 60x90. Color Agua.,U3455718124,2620,332,true,Color,Agua,Tamano,60x90,Product,Physical
colchon-memory-form-50x85x10-cuna-colecho-con-almo,Colchon Memory Form 50x85x10 Cuna Colecho Con Almohada Rosa,Colchon especializado. Medida 50x85. Color Rosa Claro.,U3491115440,2115,326,true,Color,Rosa Claro,Tamano,50x85,Product,Physical
colchon-impermeable-70x105x10-cuna-colecho-corral-,Colchon Impermeable 70x105x10 Cuna Colecho Corral Unicuna,Colchon especializado. Medida 70x105. Color Rosa.,U3385500470,1859,333,true,Color,Rosa,Tamano,70x105,Product,Physical
colchon-impermeable-cuna-colecho-corral-60x100x10-,Colchon Impermeable Cuna Colecho Corral 60x100x10 Unicuna,Colchon especializado. Medida 60x100. Color Rosa.,U3375027093,1895,333,true,Color,Rosa,Tamano,60x100,Product,Physical
colchon-104x70x10-cm-para-colecho-cuna-corral-unic,Colchon 104x70x10 Cm Para Colecho Cuna Corral Unicuna,Colchon especializado. Medida 104x70. Color Agua.,U3312948681,1890,333,true,Color,Agua,Tamano,104x70,Product,Physical
colchon-corral-55x95-impermeable-cuna-colecho,Colchon Corral 55x95 Impermeable Cuna Colecho,Colchon especializado. Medida 55x95. Color Coral Claro.,U3373395350,1333,332,true,Color,Coral Claro,Tamano,55x95,Product,Physical
colchon-cuna-corral-colecho-60x95m-imperme,Colchon Cuna Corral Colecho 60x95m Imperme,Colchon especializado. Medida Estandar. Color Blanco.,U953836252,1093,10,true,Color,Blanco,Tamano,Estandar,Product,Physical
colchon-memory-60x90x13-cm-form-cuna-colecho-corra,Colchon Memory 60x90x13 Cm Form Cuna Colecho Corral Viajera,Colchon especializado. Medida 60x90. Color Agua.,U3444141105,2250,333,true,Color,Agua,Tamano,60x90,Product,Physical
colchon-impermeable-cuna-colecho-corral-60x100x8-u,Colchon Impermeable Cuna Colecho Corral 60x100x8 Unicuna,Colchon especializado. Medida 60x100. Color Rosa.,U3370972459,1987,333,true,Color,Rosa,Tamano,60x100,Product,Physical
colchon-memory-60x100x15-cuna-corral-colecho-incl-,Colchon Memory 60x100x15 Cuna Corral Colecho Incl Almohada,Colchon especializado. Medida 60x100. Color Agua.,U3455777516,2615,332,true,Color,Agua,Tamano,60x100,Product,Physical
colchon-cuna-corral-colecho-con-cojin-65x95-rosa-s,Colchon Cuna Corral Colecho Con Cojin 65x95 Rosa Supreme,Colchon especializado. Medida 65x95. Color Rosa Claro.,U3273553989,1780,322,true,Color,Rosa Claro,Tamano,65x95,Product,Physical
colchon-impermeable-70x100x15-cuna-colecho-corral-,Colchon Impermeable 70x100x15 Cuna Colecho Corral Viajera,Colchon especializado. Medida 70x100. Color Azul Claro.,U3419047954,2250,333,true,Color,Azul Claro,Tamano,70x100,Product,Physical
colchon-con-cojin-cuna-corral-colecho-110x80x10-su,Colchon Con Cojin Cuna Corral Colecho 110x80x10 Supreme Azul,Colchon especializado. Medida 110x80. Color Azul Claro.,U3306420579,1350,332,true,Color,Azul Claro,Tamano,110x80,Product,Physical
colchon-cuna-corral-imper-con-almohada-ros-60-x-11,Colchon Cuna Corral Imper Con Almohada Ros 60 X 110 M,Colchon especializado. Medida Estandar. Color Rosa.,U953618579,999,84,true,Color,Rosa,Tamano,Estandar,Product,Physical
colchon-med-70x105x15-para-cuna-colecho-corral-uni,Colchon Med 70x105x15 Para Cuna Colecho Corral Unicuna,Colchon especializado. Medida 70x105. Color Agua.,U3351041772,1875,333,true,Color,Agua,Tamano,70x105,Product,Physical
colchon-corral-cuna-colecho-80-x-120-x-15,Colchon Corral Cuna Colecho 80 X 120 X 15,Colchon especializado. Medida Estandar. Color Blancovino.,U490742121,1967,94,true,Color,Blancovino,Tamano,Estandar,Product,Physical
colchon-para-corral-cuna-colecho-medidas-50x80x12-,Colchon Para Corral Cuna Colecho Medidas 50x80x12 Unicuna,Colchon especializado. Medida 50x80. Color Rosa.,U3332846131,1899,328,true,Color,Rosa,Tamano,50x80,Product,Physical
colchon-cuna-colecho-corral-medidas-75x105x15-unic,Colchon Cuna Colecho Corral Medidas 75x105x15 Unicuna Rosa,Colchon especializado. Medida 75x105. Color Rosa.,U3353411226,1847,333,true,Color,Rosa,Tamano,75x105,Product,Physical
colchon-45x85x12-para-cuna-colecho-corral-unicuna-,Colchon 45x85x12 Para Cuna Colecho Corral Unicuna Supreme,Colchon especializado. Medida 45x85. Color Agua.,U3328867807,1850,333,true,Color,Agua,Tamano,45x85,Product,Physical
colchon-45x85x12-para-cuna-colecho-corral-unicuna-,Colchon 45x85x12 Para Cuna Colecho Corral Unicuna Supreme,Colchon especializado. Medida 45x85. Color Rosa.,U3332977407,1850,333,true,Color,Rosa,Tamano,45x85,Product,Physical
colchon-45x85x12-para-cuna-colecho-corral-unicuna-,Colchon 45x85x12 Para Cuna Colecho Corral Unicuna Supreme,Colchon especializado. Medida 45x85. Color Amarillo.,U3344726215,1859,333,true,Color,Amarillo,Tamano,45x85,Product,Physical
colchon-para-cuna-colecho-corral-medidas-70x105x15,Colchon Para Cuna Colecho Corral Medidas 70x105x15 Unicuna,Colchon especializado. Medida 70x105. Color Azul Claro.,U3360890310,1899,333,true,Color,Azul Claro,Tamano,70x105,Product,Physical
colchon-para-cuna-colecho-corral-medidas-70x105x15,Colchon Para Cuna Colecho Corral Medidas 70x105x15 Unicuna,Colchon especializado. Medida 70x105. Color Rosa.,U3358457966,1874,333,true,Color,Rosa,Tamano,70x105,Product,Physical
colchon-impermeable-cuna-colecho-corral-76x110x10-,Colchon Impermeable Cuna Colecho Corral 76x110x10 Unicuna,Colchon especializado. Medida 76x110. Color Rosa.,U3381492550,1854,333,true,Color,Rosa,Tamano,76x110,Product,Physical
colchon-para-cuna-colecho-corral-medida-70x100x12-,Colchon Para Cuna Colecho Corral Medida 70x100x12 Unicuna,Colchon especializado. Medida 70x100. Color Rosa Claro.,U3330824087,1899,333,true,Color,Rosa Claro,Tamano,70x100,Product,Physical
colchon-memory-45x85x13-form-cuna-colecho-corral-v,Colchon Memory 45x85x13 Form Cuna Colecho Corral Viajera,Colchon especializado. Medida 45x85. Color Agua.,U3453376090,2455,333,true,Color,Agua,Tamano,45x85,Product,Physical
colchon-memory-form-50x80x13-cuna-colecho-con-almo,Colchon Memory Form 50x80x13 Cuna Colecho Con Almohada Rosa,Colchon especializado. Medida 50x80. Color Rosa Claro.,U3490088835,2477,332,true,Color,Rosa Claro,Tamano,50x80,Product,Physical
colchon-memory-form-70x100x15-cuna-colecho-bebe-co,Colchon Memory Form 70x100x15 Cuna Colecho Bebe Con Almohada,Colchon especializado. Medida 70x100. Color Azul Claro.,U3471328321,2605,332,true,Color,Azul Claro,Tamano,70x100,Product,Physical
colchon-impermeable-90x140x15-cuna-colecho-corral-,Colchon Impermeable 90x140x15 Cuna Colecho Corral Viajera,Colchon especializado. Medida 90x140. Color Azul Claro.,U3421193304,2500,333,true,Color,Azul Claro,Tamano,90x140,Product,Physical
colchon-para-cuna-corral-colecho-medidas-60x95x12-,Colchon Para Cuna Corral Colecho Medidas 60x95x12 Unicuna,Colchon especializado. Medida 60x95. Color Agua.,U3334633938,1850,333,true,Color,Agua,Tamano,60x95,Product,Physical
colchon-cuna-unicuna-memory-60x110x10-incluye-almo,Colchon Cuna Unicuna Memory 60x110x10 Incluye Almohada Rosa,Colchon especializado. Medida 60x110. Color Rosa Claro.,U3494348612,2115,333,true,Color,Rosa Claro,Tamano,60x110,Product,Physical
colchon-memory-60x110x10-incl-almohada-cuna-colech,Colchon Memory 60x110x10 Incl Almohada Cuna Colecho,Colchon especializado. Medida 60x110. Color Agua.,U3450677738,2200,333,true,Color,Agua,Tamano,60x110,Product,Physical
colchon-cuna-colecho-corral-viajera-med-45x85x15-u,Colchon Cuna Colecho Corral Viajera Med 45x85x15 Unicuna,Colchon especializado. Medida 45x85. Color Amarillo.,U3376824148,1899,333,true,Color,Amarillo,Tamano,45x85,Product,Physical
colchon-supreme-90x60cm-con-cojin-para-cunacorralv,Colchon Supreme 90x60cm Con Cojin Para Cunacorralviajera,Colchon especializado. Medida 90x60. Color Blanco.,U489876077,"864,64",13,true,Color,Blanco,Tamano,90x60,Product,Physical
colchon-memory-form-70x110x15-cuna-colchon-incl-al,colchon Memory Form 70x110x15 Cuna Colchon Incl Almohada,Colchon especializado. Medida 70x110. Color Agua.,U3456667764,2500,333,true,Color,Agua,Tamano,70x110,Product,Physical
colchon-impermeable-cuna-colecho-corral-med-55x95x,Colchon Impermeable Cuna Colecho Corral Med 55x95x8 Unicuna,Colchon especializado. Medida 55x95. Color Rosa.,U3379039224,1899,333,true,Color,Rosa,Tamano,55x95,Product,Physical
colchon-cuna-corral-50x-1m-x15,Colchon Cuna Corral 50x 1m X15,Colchon especializado. Medida Estandar. Color Blanco.,U468811592,1369,330,true,Color,Blanco,Tamano,Estandar,Product,Physical
colchon-con-cojin-cuna-corral-110x70x15-supreme-ro,Colchon Con Cojin Cuna Corral 110x70x15 Supreme Rosa,Colchon especializado. Medida 110x70. Color Rosa Claro.,U3288986102,1650,333,true,Color,Rosa Claro,Tamano,110x70,Product,Physical
almohada-rinoplastia-con-cojin-de-descanso-unimedi,Almohada Rinoplastia Con Cojin De Descanso Unimedic Cirugia,Colchon especializado. Medida Estandar. Color Azul Acero.,U3375614894,1890,326,true,Color,Azul Acero,Tamano,Estandar,Product,Physical
colchon-para-cuna-memory-foam-60x110x13-rosa-con-b,Colchon Para Cuna Memory Foam 60x110x13 Rosa Con Blanco I,Colchon especializado. Medida 60x110. Color Rosa Claro.,U3499630380,2479,333,true,Color,Rosa Claro,Tamano,60x110,Product,Physical
colchon-memory-form-70x100x15-cuna-colchon-incl-al,Colchon Memory Form 70x100x15 Cuna Colchon Incl Almohada,Colchon especializado. Medida 70x100. Color Agua.,U3448962009,2650,332,true,Color,Agua,Tamano,70x100,Product,Physical
colchon-impermeable-70x130x8-cuna-colecho-corral-u,Colchon Impermeable 70x130x8 Cuna Colecho Corral Unicuna,Colchon especializado. Medida 70x130. Color Rosa.,U3379105390,1895,333,true,Color,Rosa,Tamano,70x130,Product,Physical
colchon-memory-form-90x120x10-cuna-colecho-incl-al,Colchon Memory Form 90x120x10 Cuna Colecho Incl Almohada,Colchon especializado. Medida 90x120. Color Azul Claro.,U3463488906,2175,333,true,Color,Azul Claro,Tamano,90x120,Product,Physical
colchon-cuna-70x100x15-impermeable-colecho-corral-,Colchon Cuna 70x100x15 Impermeable Colecho Corral Unicuna,Colchon especializado. Medida 70x100. Color Rosa.,U3392778752,2200,333,true,Color,Rosa,Tamano,70x100,Product,Physical
colchon-con-cojin-cuna-corral-colecho-86x48x15-sup,Colchon Con Cojin Cuna Corral Colecho 86x48x15 Supreme Verde,Colchon especializado. Medida 86x48. Color Verde Claro.,U3311996106,850,328,true,Color,Verde Claro,Tamano,86x48,Product,Physical
colchon-memory-76x110x13-cuna-colecho-corral-incl-,Colchon Memory 76x110x13 Cuna Colecho Corral Incl Almohada,Colchon especializado. Medida 76x110. Color Agua.,U3453488238,2567,332,true,Color,Agua,Tamano,76x110,Product,Physical
colchon-cuna-70x104x10-impermeable-colecho-corral-,Colchon Cuna 70x104x10 Impermeable Colecho Corral Unicuna,Colchon especializado. Medida 70x104. Color Azul Claro.,U3406000919,2100,333,true,Color,Azul Claro,Tamano,70x104,Product,Physical
colchon-impermeable-cuna-colecho-corral-49x87x8-un,Colchon Impermeable Cuna Colecho Corral 49x87x8 Unicuna,Colchon especializado. Medida 49x87. Color Rosa.,U3371086121,1899,333,true,Color,Rosa,Tamano,49x87,Product,Physical
colchon-para-corral-cuna-colecho-medidas-75x105x12,Colchon Para Corral Cuna Colecho Medidas 75x105x12 Unicuna,Colchon especializado. Medida 75x105. Color Rosa.,U3332998007,1895,333,true,Color,Rosa,Tamano,75x105,Product,Physical
colchon-impermeable-60x100x12-cuna-colecho-viajera,Colchon Impermeable 60x100x12 Cuna Colecho Viajera Unicuna,Colchon especializado. Medida 60x100. Color Azul Claro.,U3416933288,2100,333,true,Color,Azul Claro,Tamano,60x100,Product,Physical
colchon-para-cuna-memory-foam-90x120x13-blanco-con,Colchon Para Cuna Memory Foam 90x120x13 Blanco Con Rosa,Colchon especializado. Medida 90x120. Color Rosa Claro.,U3492661009,2480,333,true,Color,Rosa Claro,Tamano,90x120,Product,Physical
colchon-memory-form-70x110x13-cm-cuna-colecho-incl,Colchon Memory Form 70x110x13 Cm Cuna Colecho Incl Almohada,Colchon especializado. Medida 70x110. Color Azul Claro.,U3468719467,2458,333,true,Color,Azul Claro,Tamano,70x110,Product,Physical
colchon-para-cuna-colecho-corral-medidas-75x105x10,Colchon Para Cuna Colecho Corral Medidas 75x105x10 Unicuna,Colchon especializado. Medida 75x105. Color Azul Claro.,U3332319048,1890,333,true,Color,Azul Claro,Tamano,75x105,Product,Physical
colchon-cuna-60x90x15-impermeable-colecho-corral-u,Colchon Cuna 60x90x15 Impermeable Colecho Corral Unicuna,Colchon especializado. Medida 60x90. Color Rosa.,U3403709848,1999,333,true,Color,Rosa,Tamano,60x90,Product,Physical
colchon-memory-70x120x15-cuna-colecho-corral-incl-,Colchon Memory 70x120x15 Cuna Colecho Corral Incl Almohada,Colchon especializado. Medida 70x120. Color Agua.,U3458248190,2615,333,true,Color,Agua,Tamano,70x120,Product,Physical
colchon-de-cuna-70x100x10-colecho-corral-supreme-u,Colchon De Cuna 70x100x10 Colecho Corral Supreme Unicuna,Colchon especializado. Medida 70x100. Color Amarillo.,U3343556352,1955,333,true,Color,Amarillo,Tamano,70x100,Product,Physical
colchon-memory-form-70x120x10-cuna-colecho-con-alm,Colchon Memory Form 70x120x10 Cuna Colecho Con Almohada Rosa,Colchon especializado. Medida 70x120. Color Rosa Claro.,U3494380648,2115,333,true,Color,Rosa Claro,Tamano,70x120,Product,Physical
colchon-de-cuna-colecho-corral-medidas-azul-50x85x,Colchon De Cuna Colecho Corral Medidas Azul 50x85x12 Unicuna,Colchon especializado. Medida 50x85. Color Azul Claro.,U3339115966,1856,333,true,Color,Azul Claro,Tamano,50x85,Product,Physical
